Epoch;ErrorScore;w1;w2;w3;w4;b1;b2;b3;b4
0;39.021;0.60792;3.08785;0.60792;3.08785;0.395705;2.87563;0.212215;0.212215
1;43.7707;0.24577;4.53975;0.24577;4.53975;0.0205186;4.3145;0.225252;0.225252
2;24.7398;-1.34819;5.71962;-1.34819;5.71962;-1.43138;5.63644;0.0831841;0.0831841
3;10.2645;-1.61505;6.37641;-1.61505;6.37641;-1.6774;6.31406;0.0623479;0.0623479
4;27.351;-0.119059;6.92074;-0.119059;6.92074;-0.313552;6.72625;0.194493;0.194493
5;19.1652;-1.69946;6.83972;-1.69946;6.83972;-1.72432;6.81486;0.0248621;0.0248621
6;27.4329;0.61705;7.26857;0.61705;7.26857;0.374526;7.02604;0.242524;0.242524
7;22.9261;0.80966;7.20401;0.80966;7.20401;0.560404;6.95476;0.249256;0.249256
8;38.7033;0.266858;7.1133;0.266858;7.1133;0.0956204;6.94206;0.171237;0.171237
9;21.9248;-1.37563;6.89786;-1.37563;6.89786;-1.37212;6.90136;-0.00350198;-0.00350198
10;9.64317;-1.67521;7.0635;-1.67521;7.0635;-1.63234;7.10636;-0.0428669;-0.0428669
11;27.2889;-0.225574;7.28162;-0.225574;7.28162;-0.280066;7.22712;0.0544921;0.0544921
12;19.2358;-1.79999;7.10597;-1.79999;7.10597;-1.69637;7.20959;-0.103622;-0.103622
13;27.5789;0.477846;7.39738;0.477846;7.39738;0.399235;7.31877;0.078611;0.078611
14;22.7812;0.674212;7.22358;0.674212;7.22358;0.596358;7.14572;0.0778537;0.0778537
15;38.3824;0.145153;7.10229;0.145153;7.10229;0.138388;7.09552;0.00676494;0.00676494
16;22.021;-1.48271;6.9618;-1.48271;6.9618;-1.33285;7.11165;-0.149858;-0.149858
17;9.75829;-1.80265;7.15637;-1.80265;7.15637;-1.61023;7.34879;-0.192417;-0.192417
18;27.3587;-0.388756;7.34939;-0.388756;7.34939;-0.270152;7.46799;-0.118604;-0.118604
19;19.2302;-1.94423;7.1914;-1.94423;7.1914;-1.68669;7.44894;-0.257537;-0.257537
20;27.7209;0.300922;7.43147;0.300922;7.43147;0.411077;7.54162;-0.110156;-0.110156
21;22.5656;0.514287;7.21447;0.514287;7.21447;0.627161;7.32734;-0.112873;-0.112873
22;37.9926;0.00397603;7.06199;0.00397603;7.06199;0.176924;7.23494;-0.172948;-0.172948
23;22;-1.60966;6.98076;-1.60966;6.98076;-1.30081;7.28962;-0.308853;-0.308853
24;9.74521;-1.94701;7.11753;-1.94701;7.11753;-1.5951;7.46944;-0.351914;-0.351914
25;27.3529;-0.568181;7.29331;-0.568181;7.29331;-0.268049;7.59344;-0.300132;-0.300132
26;19.2038;-2.10495;7.13079;-2.10495;7.13079;-1.68733;7.5484;-0.417612;-0.417612
27;27.784;0.103729;7.40125;0.103729;7.40125;0.408342;7.70586;-0.304613;-0.304613
28;22.4341;0.338549;7.13908;0.338549;7.13908;0.642818;7.44335;-0.304268;-0.304268
29;37.5751;-0.151603;7.10224;-0.151603;7.10224;0.199552;7.4534;-0.351155;-0.351155
30;21.8845;-1.74877;6.99186;-1.74877;6.99186;-1.28451;7.45612;-0.464266;-0.464266
31;9.7162;-2.09914;7.05439;-2.09914;7.05439;-1.59464;7.55889;-0.504501;-0.504501
32;27.309;-0.750855;7.17353;-0.750855;7.17353;-0.279558;7.64482;-0.471297;-0.471297
33;19.1856;-2.27084;7.00877;-2.27084;7.00877;-1.70306;7.57655;-0.567782;-0.567782
34;27.8166;-0.0984808;7.27358;-0.0984808;7.27358;0.38762;7.75968;-0.486101;-0.486101
35;22.2499;0.157565;7.0797;0.157565;7.0797;0.637351;7.55949;-0.479786;-0.479786
36;37.2315;-0.316797;7.12205;-0.316797;7.12205;0.201958;7.64081;-0.518755;-0.518755
37;21.7726;-1.89535;6.9552;-1.89535;6.9552;-1.28704;7.56351;-0.608308;-0.608308
38;9.70297;-2.25663;6.97027;-2.25663;6.97027;-1.61248;7.61442;-0.644151;-0.644151
39;27.2499;-0.936599;7.04839;-0.936599;7.04839;-0.31006;7.67493;-0.626539;-0.626539
40;19.1581;-2.44108;6.8887;-2.44108;6.8887;-1.73772;7.59206;-0.703363;-0.703363
41;27.8233;-0.303006;7.12497;-0.303006;7.12497;0.346171;7.77414;-0.649177;-0.649177
42;22.1204;-0.0321485;7.13168;-0.0321485;7.13168;0.612519;7.77635;-0.644667;-0.644667
43;36.8738;-0.487551;7.14188;-0.487551;7.14188;0.18502;7.81445;-0.672571;-0.672571
44;21.6423;-2.04584;6.91926;-2.04584;6.91926;-1.30826;7.65684;-0.737579;-0.737579
45;9.68743;-2.41668;6.89539;-2.41668;6.89539;-1.64878;7.66329;-0.767906;-0.767906
46;27.156;-1.12345;6.94235;-1.12345;6.94235;-0.360537;7.70526;-0.76291;-0.76291
47;19.0949;-2.61323;6.78996;-2.61323;6.78996;-1.79177;7.61142;-0.821458;-0.821458
48;27.8037;-0.507263;7.00164;-0.507263;7.00164;0.283426;7.79233;-0.790689;-0.790689
49;22.1847;-0.230447;6.96549;-0.230447;6.96549;0.563433;7.75937;-0.79388;-0.79388
50;36.6009;-0.66961;6.9919;-0.66961;6.9919;0.145267;7.80678;-0.814877;-0.814877
51;21.5027;-2.21142;6.80964;-2.21142;6.80964;-1.35139;7.66967;-0.860029;-0.860029
52;9.64195;-2.59416;6.78873;-2.59416;6.78873;-1.70845;7.67444;-0.88571;-0.88571
53;26.9555;-1.33005;6.83896;-1.33005;6.83896;-0.437874;7.73113;-0.892174;-0.892174
54;18.9645;-2.80412;6.70571;-2.80412;6.70571;-1.87187;7.63796;-0.932252;-0.932252
55;27.7236;-0.729669;6.90725;-0.729669;6.90725;0.193109;7.83003;-0.922779;-0.922779
56;22.0647;-0.438711;6.86353;-0.438711;6.86353;0.489671;7.79191;-0.928382;-0.928382
57;36.3393;-0.858683;6.88733;-0.858683;6.88733;0.0833402;7.82936;-0.942024;-0.942024
58;21.3773;-2.38343;6.72476;-2.38343;6.72476;-1.41505;7.69314;-0.968381;-0.968381
59;9.54765;-2.77562;6.71222;-2.77562;6.71222;-1.78713;7.70071;-0.988496;-0.988496
60;26.6864;-1.53714;6.78369;-1.53714;6.78369;-0.533619;7.78721;-1.00352;-1.00352
61;18.8126;-2.99403;6.65699;-2.99403;6.65699;-1.96843;7.68259;-1.0256;-1.0256
62;27.6214;-0.944308;6.86172;-0.944308;6.86172;0.0892189;7.89525;-1.03353;-1.03353
63;21.9056;-0.635897;6.8199;-0.635897;6.8199;0.402384;7.85818;-1.03828;-1.03828
64;36.1198;-1.03492;6.82949;-1.03492;6.82949;0.00960754;7.87402;-1.04453;-1.04453
65;21.2766;-2.54297;6.66612;-2.54297;6.66612;-1.48833;7.72076;-1.05463;-1.05463
66;9.4646;-2.93981;6.6608;-2.93981;6.6608;-1.87021;7.7304;-1.0696;-1.0696
67;26.5051;-1.7192;6.74752;-1.7192;6.74752;-0.628007;7.83872;-1.09119;-1.09119
68;18.7102;-3.16072;6.61929;-3.16072;6.61929;-2.06199;7.71802;-1.09873;-1.09873
69;27.5808;-1.12728;6.82209;-1.12728;6.82209;-0.0068082;7.94257;-1.12047;-1.12047
70;21.8096;-0.805382;6.78046;-0.805382;6.78046;0.319196;7.90504;-1.12458;-1.12458
71;35.965;-1.18715;6.7808;-1.18715;6.7808;-0.0621028;7.90584;-1.12505;-1.12505
72;21.2051;-2.68117;6.61642;-2.68117;6.61642;-1.55879;7.73881;-1.12239;-1.12239
73;9.42205;-3.07958;6.61508;-3.07958;6.61508;-1.94597;7.74869;-1.13361;-1.13361
74;26.423;-1.87047;6.7061;-1.87047;6.7061;-0.709515;7.86706;-1.16096;-1.16096
75;18.6541;-3.29992;6.5789;-3.29992;6.5789;-2.14233;7.73649;-1.15759;-1.15759
76;27.5779;-1.27751;6.77468;-1.27751;6.77468;-0.0867483;7.96544;-1.19076;-1.19076
77;21.7645;-0.947543;6.73163;-0.947543;6.73163;0.247438;7.92661;-1.19498;-1.19498
78;35.8659;-1.31736;6.7295;-1.31736;6.7295;-0.126065;7.9208;-1.1913;-1.1913
79;21.16;-2.80027;6.56882;-2.80027;6.56882;-1.62171;7.74738;-1.17856;-1.17856
80;9.40294;-3.19856;6.57041;-3.19856;6.57041;-2.01145;7.75753;-1.18712;-1.18712
81;26.3933;-1.99682;6.66097;-1.99682;6.66097;-0.777064;7.88072;-1.21975;-1.21975
82;18.6253;-3.41658;6.53755;-3.41658;6.53755;-2.20884;7.74529;-1.20774;-1.20774
83;27.5867;-1.40224;6.7252;-1.40224;6.7252;-0.151399;7.97604;-1.25084;-1.25084
84;21.7442;-1.06825;6.68068;-1.06825;6.68068;0.187258;7.9362;-1.25551;-1.25551
85;35.8084;-1.43025;6.67899;-1.43025;6.67899;-0.181657;7.92758;-1.24859;-1.24859
86;21.1343;-2.90399;6.52399;-2.90399;6.52399;-1.67659;7.75139;-1.2274;-1.2274
87;9.39451;-3.30087;6.52799;-3.30087;6.52799;-2.06698;7.76188;-1.23389;-1.23389
88;26.3902;-2.10365;6.61623;-2.10365;6.61623;-0.832245;7.88763;-1.27141;-1.27141
89;18.6113;-3.51512;6.49767;-3.51512;6.49767;-2.26305;7.74975;-1.25207;-1.25207
90;27.5983;-1.50703;6.67732;-1.50703;6.67732;-0.202962;7.98138;-1.30407;-1.30407
91;21.7373;-1.17171;6.6315;-1.17171;6.6315;0.137573;7.94078;-1.30929;-1.30929
92;35.782;-1.52875;6.63121;-1.52875;6.63121;-0.229134;7.93083;-1.29961;-1.29961
93;21.1224;-2.99463;6.48236;-2.99463;6.48236;-1.72361;7.75338;-1.27102;-1.27102
94;9.391;-3.38911;6.48842;-3.38911;6.48842;-2.11332;7.76421;-1.2758;-1.2758
95;26.4005;-2.19459;6.57364;-2.19459;6.57364;-0.876748;7.89148;-1.31784;-1.31784
96;18.6053;-3.59869;6.46015;-3.59869;6.46015;-2.30661;7.75223;-1.29207;-1.29207
97;27.6097;-1.59574;6.63225;-1.59574;6.63225;-0.243586;7.9844;-1.35216;-1.35216
98;21.7385;-1.26076;6.58526;-1.26076;6.58526;0.0971393;7.94316;-1.3579;-1.3579
99;35.778;-1.61479;6.58666;-1.61479;6.58666;-0.269;7.93244;-1.34579;-1.34579
100;21.1197;-3.07372;6.44387;-3.07372;6.44387;-1.76318;7.75441;-1.31054;-1.31054
101;9.38975;-3.46523;6.45174;-3.46523;6.45174;-2.15138;7.76559;-1.31386;-1.31386
102;26.4167;-2.27233;6.53373;-2.27233;6.53373;-0.912226;7.89383;-1.3601;-1.3601
103;18.6037;-3.66975;6.4252;-3.66975;6.4252;-2.34121;7.75374;-1.32854;-1.32854
104;27.6197;-1.67135;6.59024;-1.67135;6.59024;-0.275295;7.98629;-1.39605;-1.39605
105;21.7441;-1.33767;6.54221;-1.33767;6.54221;0.0646047;7.94449;-1.40227;-1.40227
106;35.7889;-1.68994;6.54532;-1.68994;6.54532;-0.302012;7.93324;-1.38793;-1.38793
107;21.1227;-3.14265;6.4083;-3.14265;6.4083;-1.79601;7.75494;-1.34664;-1.34664
108;9.3895;-3.53093;6.41781;-3.53093;6.41781;-2.18225;7.76648;-1.34868;-1.34868
109;26.4345;-2.3391;6.49657;-2.3391;6.49657;-0.940283;7.89539;-1.39882;-1.39882
110;18.6043;-3.73045;6.39275;-3.73045;6.39275;-2.36846;7.75475;-1.362;-1.362
111;27.6279;-1.73626;6.55123;-1.73626;6.55123;-0.29992;7.98757;-1.43634;-1.43634
112;21.7521;-1.40438;6.50227;-1.40438;6.50227;0.0386107;7.94526;-1.44299;-1.44299
113;35.8088;-1.75567;6.50703;-1.75567;6.50703;-0.329088;7.93362;-1.42659;-1.42659
114;21.129;-3.20272;6.37545;-3.20272;6.37545;-1.82295;7.75522;-1.37977;-1.37977
115;9.38967;-3.58778;6.38643;-3.58778;6.38643;-2.20711;7.7671;-1.38067;-1.38067
116;26.4518;-2.39681;6.46206;-2.39681;6.46206;-0.962384;7.89649;-1.43443;-1.43443
117;18.6059;-3.78262;6.36268;-3.78262;6.36268;-2.38984;7.75546;-1.39278;-1.39278
118;27.6343;-1.79245;6.51505;-1.79245;6.51505;-0.319023;7.98848;-1.47343;-1.47343
119;21.761;-1.46256;6.46526;-1.46256;6.46526;0.0179036;7.94572;-1.48046;-1.48046
120;35.8333;-1.81332;6.47161;-1.81332;6.47161;-0.351172;7.93375;-1.46215;-1.46215
121;21.1369;-3.25519;6.3451;-3.25519;6.3451;-1.84493;7.75536;-1.41026;-1.41026
122;9.38997;-3.63718;6.35741;-3.63718;6.35741;-2.22705;7.76755;-1.41013;-1.41013
123;26.4674;-2.44703;6.43005;-2.44703;6.43005;-0.979787;7.8973;-1.46725;-1.46725
124;18.6079;-3.82779;6.33482;-3.82779;6.33482;-2.40662;7.75599;-1.42117;-1.42117
125;27.6394;-1.84151;6.48152;-1.84151;6.48152;-0.333878;7.98916;-1.50764;-1.50764
126;21.7698;-1.5136;6.431;-1.5136;6.431;0.00140253;7.94601;-1.515;-1.515
127;35.8595;-1.86407;6.43885;-1.86407;6.43885;-0.36915;7.93377;-1.49492;-1.49492
128;21.1451;-3.30118;6.31706;-3.30118;6.31706;-1.86283;7.75541;-1.43835;-1.43835
129;9.39027;-3.68034;6.33058;-3.68034;6.33058;-2.24303;7.76789;-1.43731;-1.43731
130;26.4811;-2.49105;6.4004;-2.49105;6.4004;-0.993527;7.89792;-1.49752;-1.49752
131;18.61;-3.86719;6.30902;-3.86719;6.30902;-2.41982;7.75639;-1.44737;-1.44737
132;27.6432;-1.88469;6.45047;-1.88469;6.45047;-0.345482;7.98968;-1.53921;-1.53921
133;21.7782;-1.55866;6.39931;-1.55866;6.39931;-0.0117834;7.94619;-1.54688;-1.54688
134;35.8854;-1.90894;6.40856;-1.90894;6.40856;-0.383793;7.93371;-1.52515;-1.52515
135;21.1531;-3.34167;6.29115;-3.34167;6.29115;-1.8774;7.75542;-1.46427;-1.46427
136;9.39053;-3.71827;6.30577;-3.71827;6.30577;-2.25588;7.76815;-1.46238;-1.46238
137;26.4929;-2.5299;6.37293;-2.5299;6.37293;-1.00442;7.8984;-1.52548;-1.52548
138;18.6119;-3.90183;6.28514;-3.90183;6.28514;-2.43027;7.7567;-1.47156;-1.47156
139;27.6462;-1.92297;6.42172;-1.92297;6.42172;-0.354603;7.99009;-1.56837;-1.56837
140;21.7858;-1.59868;6.36999;-1.59868;6.36999;-0.0223669;7.9463;-1.57631;-1.57631
141;35.9099;-1.9488;6.38057;-1.9488;6.38057;-0.39575;7.93362;-1.55305;-1.55305
142;21.1606;-3.37749;6.26721;-3.37749;6.26721;-1.88929;7.75541;-1.4882;-1.4882
143;9.39073;-3.75179;6.28282;-3.75179;6.28282;-2.26625;7.76836;-1.48554;-1.48554
144;26.5029;-2.56441;6.3475;-2.56441;6.3475;-1.01312;7.89879;-1.55129;-1.55129
145;18.6137;-3.93248;6.26305;-3.93248;6.26305;-2.43858;7.75695;-1.4939;-1.4939
146;27.6485;-1.95712;6.39511;-1.95712;6.39511;-0.361826;7.99041;-1.5953;-1.5953
147;21.7927;-1.6344;6.34288;-1.6344;6.34288;-0.0309087;7.94637;-1.60349;-1.60349
148;35.9326;-1.98437;6.3547;-1.98437;6.3547;-0.405549;7.93352;-1.57882;-1.57882
149;21.1675;-3.40933;6.24509;-3.40933;6.24509;-1.89904;7.75538;-1.51029;-1.51029
150;9.39088;-3.78159;6.26161;-3.78159;6.26161;-2.27466;7.76853;-1.50692;-1.50692
151;26.5113;-2.59523;6.32396;-2.59523;6.32396;-1.0201;7.8991;-1.57513;-1.57513
152;18.6152;-3.95978;6.24261;-3.95978;6.24261;-2.44524;7.75715;-1.51454;-1.51454
153;27.6502;-1.98776;6.37049;-1.98776;6.37049;-0.367589;7.99066;-1.62017;-1.62017
154;21.7987;-1.66644;6.31782;-1.66644;6.31782;-0.0378452;7.94641;-1.62859;-1.62859
155;35.9531;-2.01623;6.3308;-2.01623;6.3308;-0.413618;7.93341;-1.60261;-1.60261
156;21.1735;-3.43775;6.22466;-3.43775;6.22466;-1.90706;7.75535;-1.53069;-1.53069
157;9.391;-3.80819;6.24199;-3.80819;6.24199;-2.28153;7.76866;-1.52667;-1.52667
158;26.5184;-2.62289;6.3022;-2.62289;6.3022;-1.02574;7.89935;-1.59715;-1.59715
159;18.6165;-3.98421;6.22371;-3.98421;6.22371;-2.45061;7.75731;-1.5336;-1.5336
160;27.6516;-2.01537;6.34773;-2.01537;6.34773;-0.372225;7.99087;-1.64314;-1.64314
161;21.804;-1.69529;6.29466;-1.69529;6.29466;-0.0435148;7.94643;-1.65178;-1.65178
162;35.9715;-2.04488;6.30872;-2.04488;6.30872;-0.420296;7.93331;-1.62458;-1.62458
163;21.1789;-3.46322;6.20579;-3.46322;6.20579;-1.91369;7.75532;-1.54953;-1.54953
164;9.39107;-3.83207;6.22386;-3.83207;6.22386;-2.28716;7.76877;-1.54491;-1.54491
165;26.5244;-2.64783;6.28206;-2.64783;6.28206;-1.03034;7.89955;-1.61749;-1.61749
166;18.6177;-4.00619;6.20624;-4.00619;6.20624;-2.45498;7.75744;-1.55121;-1.55121
167;27.6527;-2.04035;6.32668;-2.04035;6.32668;-0.375983;7.99104;-1.66436;-1.66436
168;21.8086;-1.72137;6.27325;-1.72137;6.27325;-0.04818;7.94645;-1.67319;-1.67319
169;35.9878;-2.07073;6.28834;-2.07073;6.28834;-0.425852;7.93321;-1.64487;-1.64487
170;21.1837;-3.48614;6.18835;-3.48614;6.18835;-1.91921;7.75529;-1.56693;-1.56693
171;9.39113;-3.85356;6.20711;-3.85356;6.20711;-2.29181;7.76887;-1.56175;-1.56175
172;26.5295;-2.67039;6.26345;-2.67039;6.26345;-1.03412;7.89973;-1.63627;-1.63627
173;18.6187;-4.02603;6.19009;-4.02603;6.19009;-2.45856;7.75755;-1.56747;-1.56747
174;27.6535;-2.06302;6.30722;-2.06302;6.30722;-0.379055;7.99118;-1.68396;-1.68396
175;21.8126;-1.74501;6.25348;-1.74501;6.25348;-0.0520442;7.94645;-1.69297;-1.69297
176;36.0023;-2.09411;6.26951;-2.09411;6.26951;-0.430502;7.93312;-1.66361;-1.66361
177;21.1878;-3.50682;6.17225;-3.50682;6.17225;-1.92382;7.75525;-1.583;-1.583
178;9.39116;-3.87298;6.19163;-3.87298;6.19163;-2.29568;7.76894;-1.57731;-1.57731
179;26.5338;-2.69085;6.24625;-2.69085;6.24625;-1.03724;7.89987;-1.65362;-1.65362
180;18.6195;-4.044;6.17516;-4.044;6.17516;-2.46152;7.75764;-1.58248;-1.58248
181;27.6542;-2.08364;6.28924;-2.08364;6.28924;-0.381585;7.9913;-1.70206;-1.70206
182;21.8161;-1.76649;6.23522;-1.76649;6.23522;-0.0552658;7.94645;-1.71123;-1.71123
183;36.015;-2.11533;6.25212;-2.11533;6.25212;-0.434414;7.93304;-1.68092;-1.68092
184;21.1914;-3.52554;6.15739;-3.52554;6.15739;-1.9277;7.75523;-1.59784;-1.59784
185;9.39117;-3.89058;6.17733;-3.89058;6.17733;-2.29891;7.76901;-1.59167;-1.59167
186;26.5375;-2.70947;6.23035;-2.70947;6.23035;-1.03983;7.89999;-1.66963;-1.66963
187;18.6202;-4.06033;6.16137;-4.06033;6.16137;-2.46398;7.75772;-1.59635;-1.59635
188;27.6547;-2.10245;6.27263;-2.10245;6.27263;-0.383684;7.9914;-1.71877;-1.71877
189;21.8191;-1.78606;6.21836;-1.78606;6.21836;-0.0579687;7.94645;-1.72809;-1.72809
190;36.0263;-2.13462;6.23607;-2.13462;6.23607;-0.437724;7.93297;-1.6969;-1.6969
191;21.1946;-3.54252;6.14366;-3.54252;6.14366;-1.93098;7.7552;-1.61154;-1.61154
192;9.39118;-3.90657;6.16412;-3.90657;6.16412;-2.30163;7.76906;-1.60494;-1.60494
193;26.5406;-2.72643;6.21567;-2.72643;6.21567;-1.04201;7.90009;-1.68442;-1.68442
194;18.6209;-4.07519;6.14863;-4.07519;6.14863;-2.46603;7.75779;-1.60916;-1.60916
195;27.6552;-2.11963;6.25728;-2.11963;6.25728;-0.385438;7.99148;-1.7342;-1.7342
196;21.8218;-1.80392;6.20278;-1.80392;6.20278;-0.0602504;7.94644;-1.74366;-1.74366
197;36.0362;-2.15219;6.22125;-2.15219;6.22125;-0.440539;7.9329;-1.71165;-1.71165
198;21.1974;-3.55797;6.13098;-3.55797;6.13098;-1.93377;7.75518;-1.62419;-1.62419
199;9.39118;-3.92112;6.15192;-3.92112;6.15192;-2.30394;7.76911;-1.61719;-1.61719
200;26.5433;-2.74192;6.2021;-2.74192;6.2021;-1.04384;7.90017;-1.69808;-1.69808
201;18.6214;-4.08874;6.13687;-4.08874;6.13687;-2.46776;7.75784;-1.62098;-1.62098
202;27.6555;-2.13535;6.24311;-2.13535;6.24311;-0.386913;7.99155;-1.74844;-1.74844
203;21.8241;-1.82023;6.1884;-1.82023;6.1884;-0.0621877;7.94644;-1.75804;-1.75804
204;36.0449;-2.16822;6.20756;-2.16822;6.20756;-0.442946;7.93284;-1.72528;-1.72528
205;21.1999;-3.57203;6.11928;-3.57203;6.11928;-1.93616;7.75515;-1.63587;-1.63587
206;9.39118;-3.93439;6.14066;-3.93439;6.14066;-2.3059;7.76915;-1.62849;-1.62849
207;26.5456;-2.75608;6.18956;-2.75608;6.18956;-1.0454;7.90025;-1.71068;-1.71068
208;18.6219;-4.10112;6.126;-4.10112;6.126;-2.46923;7.75789;-1.63189;-1.63189
209;27.6558;-2.14975;6.23002;-2.14975;6.23002;-0.388161;7.99161;-1.76159;-1.76159
210;21.8261;-1.83516;6.17512;-1.83516;6.17512;-0.0638418;7.94643;-1.77132;-1.77132
211;36.0527;-2.18287;6.19493;-2.18287;6.19493;-0.445013;7.93279;-1.73786;-1.73786
212;21.202;-3.58486;6.10848;-3.58486;6.10848;-1.93821;7.75514;-1.64666;-1.64666
213;9.39117;-3.94651;6.13025;-3.94651;6.13025;-2.30758;7.76918;-1.63893;-1.63893
214;26.5476;-2.76905;6.17799;-2.76905;6.17799;-1.04673;7.90031;-1.72232;-1.72232
215;18.6223;-4.11245;6.11596;-4.11245;6.11596;-2.47048;7.75793;-1.64197;-1.64197
216;27.6561;-2.16295;6.21793;-2.16295;6.21793;-0.389224;7.99166;-1.77373;-1.77373
217;21.8278;-1.84883;6.16286;-1.84883;6.16286;-0.0652615;7.94643;-1.78357;-1.78357
218;36.0595;-2.19627;6.18328;-2.19627;6.18328;-0.446799;7.93275;-1.74947;-1.74947
219;21.2039;-3.59659;6.09851;-3.59659;6.09851;-1.93998;7.75512;-1.65661;-1.65661
220;9.39116;-3.95759;6.12065;-3.95759;6.12065;-2.30903;7.76921;-1.64857;-1.64857
221;26.5493;-2.78093;6.1673;-2.78093;6.1673;-1.04786;7.90037;-1.73306;-1.73306
222;18.6226;-4.12282;6.1067;-4.12282;6.1067;-2.47155;7.75797;-1.65127;-1.65127
223;27.6563;-2.17507;6.20676;-2.17507;6.20676;-0.390135;7.9917;-1.78494;-1.78494
224;21.8294;-1.86137;6.15154;-1.86137;6.15154;-0.0664861;7.94642;-1.79488;-1.79488
225;36.0656;-2.20854;6.17251;-2.20854;6.17251;-0.448346;7.9327;-1.76019;-1.76019
226;21.2056;-3.60731;6.0893;-3.60731;6.0893;-1.94151;7.7551;-1.6658;-1.6658
227;9.39115;-3.96774;6.11178;-3.96774;6.11178;-2.31028;7.76924;-1.65746;-1.65746
228;26.5508;-2.79182;6.15743;-2.79182;6.15743;-1.04885;7.90041;-1.74298;-1.74298
229;18.6229;-4.13233;6.09814;-4.13233;6.09814;-2.47248;7.758;-1.65985;-1.65985
230;27.6564;-2.1862;6.19646;-2.1862;6.19646;-0.390919;7.99174;-1.79528;-1.79528
231;21.8308;-1.87287;6.14109;-1.87287;6.14109;-0.0675474;7.94642;-1.80532;-1.80532
232;36.0709;-2.21978;6.16258;-2.21978;6.16258;-0.449694;7.93267;-1.77009;-1.77009
233;21.207;-3.61713;6.0808;-3.61713;6.0808;-1.94284;7.75509;-1.67429;-1.67429
234;9.39114;-3.97704;6.10359;-3.97704;6.10359;-2.31136;7.76926;-1.66567;-1.66567
235;26.5521;-2.80183;6.14832;-2.80183;6.14832;-1.0497;7.90045;-1.75213;-1.75213
236;18.6232;-4.14106;6.09024;-4.14106;6.09024;-2.47328;7.75802;-1.66778;-1.66778
237;27.6566;-2.19642;6.18694;-2.19642;6.18694;-0.391597;7.99177;-1.80483;-1.80483
238;21.832;-1.88343;6.13145;-1.88343;6.13145;-0.0684712;7.94641;-1.81496;-1.81496
239;36.0757;-2.23009;6.15341;-2.23009;6.15341;-0.450873;7.93263;-1.77922;-1.77922
240;21.2084;-3.62613;6.07296;-3.62613;6.07296;-1.94401;7.75508;-1.68212;-1.68212
241;9.39112;-3.98556;6.09603;-3.98556;6.09603;-2.31231;7.76928;-1.67325;-1.67325
242;26.5533;-2.81102;6.13991;-2.81102;6.13991;-1.05044;7.90049;-1.76058;-1.76058
243;18.6234;-4.14907;6.08295;-4.14907;6.08295;-2.47397;7.75805;-1.67509;-1.67509
244;27.6567;-2.20583;6.17816;-2.20583;6.17816;-0.392186;7.9918;-1.81364;-1.81364
245;21.833;-1.89314;6.12255;-1.89314;6.12255;-0.0692787;7.94641;-1.82386;-1.82386
246;36.08;-2.23956;6.14495;-2.23956;6.14495;-0.451907;7.9326;-1.78765;-1.78765
247;21.2095;-3.63438;6.06572;-3.63438;6.06572;-1.94503;7.75506;-1.68935;-1.68935
248;9.39111;-3.99339;6.08905;-3.99339;6.08905;-2.31314;7.7693;-1.68025;-1.68025
249;26.5543;-2.81946;6.13215;-2.81946;6.13215;-1.05109;7.90052;-1.76838;-1.76838
250;18.6236;-4.15643;6.07622;-4.15643;6.07622;-2.47458;7.75807;-1.68185;-1.68185
251;27.6568;-2.21447;6.17005;-2.21447;6.17005;-0.392701;7.99182;-1.82177;-1.82177
252;21.834;-1.90206;6.11433;-1.90206;6.11433;-0.0699872;7.9464;-1.83207;-1.83207
253;36.0838;-2.24825;6.13714;-2.24825;6.13714;-0.452818;7.93258;-1.79544;-1.79544
254;21.2106;-3.64195;6.05904;-3.64195;6.05904;-1.94593;7.75505;-1.69602;-1.69602
255;9.3911;-4.00057;6.08261;-4.00057;6.08261;-2.31387;7.76931;-1.6867;-1.6867
256;26.5552;-2.82723;6.12498;-2.82723;6.12498;-1.05165;7.90055;-1.77557;-1.77557
257;18.6238;-4.16319;6.07001;-4.16319;6.07001;-2.47511;7.75809;-1.68808;-1.68808
258;27.6569;-2.22243;6.16257;-2.22243;6.16257;-0.393152;7.99185;-1.82928;-1.82928
259;21.8348;-1.91026;6.10675;-1.91026;6.10675;-0.0706112;7.9464;-1.83965;-1.83965
260;36.0872;-2.25624;6.12993;-2.25624;6.12993;-0.453623;7.93255;-1.80262;-1.80262
261;21.2115;-3.6489;6.05287;-3.6489;6.05287;-1.94673;7.75505;-1.70217;-1.70217
262;9.39109;-4.00717;6.07666;-4.00717;6.07666;-2.31451;7.76933;-1.69266;-1.69266
263;26.556;-2.83437;6.11836;-2.83437;6.11836;-1.05215;7.90057;-1.78221;-1.78221
264;18.624;-4.16941;6.06427;-4.16941;6.06427;-2.47558;7.7581;-1.69383;-1.69383
265;27.6569;-2.22975;6.15566;-2.22975;6.15566;-0.393549;7.99187;-1.83621;-1.83621
266;21.8356;-1.9178;6.09975;-1.9178;6.09975;-0.0711625;7.94639;-1.84664;-1.84664
267;36.0902;-2.26358;6.12328;-2.26358;6.12328;-0.454336;7.93253;-1.80925;-1.80925
268;21.2123;-3.65529;6.04718;-3.65529;6.04718;-1.94744;7.75504;-1.70786;-1.70786
269;9.39108;-4.01324;6.07117;-4.01324;6.07117;-2.31508;7.76934;-1.69816;-1.69816
270;26.5567;-2.84094;6.11225;-2.84094;6.11225;-1.0526;7.9006;-1.78834;-1.78834
271;18.6241;-4.17513;6.05898;-4.17513;6.05898;-2.476;7.75812;-1.69914;-1.69914
272;27.657;-2.2365;6.14928;-2.2365;6.14928;-0.393899;7.99188;-1.8426;-1.8426
273;21.8362;-1.92475;6.09329;-1.92475;6.09329;-0.0716513;7.94639;-1.8531;-1.8531
274;36.093;-2.27034;6.11715;-2.27034;6.11715;-0.45497;7.93251;-1.81537;-1.81537
275;21.2131;-3.66117;6.04193;-3.66117;6.04193;-1.94806;7.75503;-1.7131;-1.7131
276;9.39107;-4.01882;6.06611;-4.01882;6.06611;-2.31558;7.76935;-1.70324;-1.70324
277;26.5573;-2.84699;6.10662;-2.84699;6.10662;-1.05299;7.90062;-1.794;-1.794
278;18.6243;-4.1804;6.05409;-4.1804;6.05409;-2.47636;7.75813;-1.70403;-1.70403
279;27.6571;-2.24271;6.1434;-2.24271;6.1434;-0.394209;7.9919;-1.8485;-1.8485
280;21.8369;-1.93114;6.08733;-1.93114;6.08733;-0.0720858;7.94638;-1.85905;-1.85905
281;36.0955;-2.27655;6.11148;-2.27655;6.11148;-0.455536;7.93249;-1.82101;-1.82101
282;21.2137;-3.66657;6.03708;-3.66657;6.03708;-1.94862;7.75502;-1.71794;-1.71794
283;9.39106;-4.02395;6.06143;-4.02395;6.06143;-2.31603;7.76936;-1.70792;-1.70792
284;26.5579;-2.85256;6.10141;-2.85256;6.10141;-1.05334;7.90063;-1.79922;-1.79922
285;18.6244;-4.18524;6.04959;-4.18524;6.04959;-2.47669;7.75814;-1.70855;-1.70855
286;27.6571;-2.24843;6.13797;-2.24843;6.13797;-0.394485;7.99191;-1.85394;-1.85394
287;21.8374;-1.93703;6.08183;-1.93703;6.08183;-0.0724731;7.94638;-1.86455;-1.86455
288;36.0977;-2.28227;6.10625;-2.28227;6.10625;-0.456041;7.93248;-1.82623;-1.82623
289;21.2143;-3.67153;6.03261;-3.67153;6.03261;-1.94912;7.75502;-1.72241;-1.72241
290;9.39105;-4.02868;6.05712;-4.02868;6.05712;-2.31643;7.76937;-1.71225;-1.71225
291;26.5584;-2.85769;6.09661;-2.85769;6.09661;-1.05365;7.90065;-1.80404;-1.80404
292;18.6245;-4.18971;6.04542;-4.18971;6.04542;-2.47698;7.75815;-1.71273;-1.71273
293;27.6572;-2.2537;6.13296;-2.2537;6.13296;-0.394731;7.99192;-1.85897;-1.85897
294;21.8379;-1.94245;6.07675;-1.94245;6.07675;-0.0728193;7.94638;-1.86963;-1.86963
295;36.0997;-2.28753;6.10143;-2.28753;6.10143;-0.456493;7.93246;-1.83103;-1.83103
296;21.2149;-3.6761;6.02848;-3.6761;6.02848;-1.94957;7.75501;-1.72653;-1.72653
297;9.39104;-4.03303;6.05314;-4.03303;6.05314;-2.31679;7.76937;-1.71624;-1.71624
298;26.5588;-2.86241;6.09218;-2.86241;6.09218;-1.05392;7.90066;-1.80848;-1.80848
299;18.6246;-4.19382;6.04158;-4.19382;6.04158;-2.47724;7.75816;-1.71657;-1.71657
300;27.6572;-2.25856;6.12833;-2.25856;6.12833;-0.39495;7.99194;-1.86361;-1.86361
301;21.8383;-1.94744;6.07207;-1.94744;6.07207;-0.0731294;7.94638;-1.87431;-1.87431
302;36.1015;-2.29237;6.09698;-2.29237;6.09698;-0.456899;7.93245;-1.83547;-1.83547
303;21.2154;-3.68031;6.02467;-3.68031;6.02467;-1.94997;7.75501;-1.73034;-1.73034
304;9.39103;-4.03703;6.04946;-4.03703;6.04946;-2.31711;7.76938;-1.71992;-1.71992
305;26.5592;-2.86676;6.08809;-2.86676;6.08809;-1.05417;7.90067;-1.81259;-1.81259
306;18.6247;-4.1976;6.03804;-4.1976;6.03804;-2.47747;7.75817;-1.72013;-1.72013
307;27.6572;-2.26303;6.12406;-2.26303;6.12406;-0.395146;7.99195;-1.86788;-1.86788
308;21.8387;-1.95204;6.06774;-1.95204;6.06774;-0.0734078;7.94637;-1.87863;-1.87863
309;36.1031;-2.29683;6.09287;-2.29683;6.09287;-0.457265;7.93244;-1.83957;-1.83957
310;21.2158;-3.68418;6.02115;-3.68418;6.02115;-1.95033;7.755;-1.73385;-1.73385
311;9.39102;-4.04072;6.04607;-4.04072;6.04607;-2.3174;7.76939;-1.72331;-1.72331
312;26.5596;-2.87077;6.08431;-2.87077;6.08431;-1.0544;7.90069;-1.81637;-1.81637
313;18.6247;-4.20109;6.03477;-4.20109;6.03477;-2.47768;7.75817;-1.72341;-1.72341
314;27.6573;-2.26716;6.12012;-2.26716;6.12012;-0.395323;7.99195;-1.87183;-1.87183
315;21.8391;-1.95627;6.06375;-1.95627;6.06375;-0.0736583;7.94637;-1.88262;-1.88262
316;36.1046;-2.30094;6.08908;-2.30094;6.08908;-0.457594;7.93243;-1.84335;-1.84335
317;21.2162;-3.68775;6.01791;-3.68775;6.01791;-1.95066;7.755;-1.73709;-1.73709
318;9.39101;-4.04411;6.04294;-4.04411;6.04294;-2.31766;7.76939;-1.72645;-1.72645
319;26.5599;-2.87446;6.08083;-2.87446;6.08083;-1.0546;7.9007;-1.81987;-1.81987
320;18.6248;-4.2043;6.03175;-4.2043;6.03175;-2.47787;7.75818;-1.72643;-1.72643
321;27.6573;-2.27096;6.11648;-2.27096;6.11648;-0.395481;7.99196;-1.87548;-1.87548
322;21.8394;-1.96018;6.06007;-1.96018;6.06007;-0.0738841;7.94637;-1.8863;-1.8863
323;36.106;-2.30473;6.08558;-2.30473;6.08558;-0.457891;7.93242;-1.84684;-1.84684
324;21.2166;-3.69103;6.01491;-3.69103;6.01491;-1.95095;7.75499;-1.74008;-1.74008
325;9.39101;-4.04724;6.04005;-4.04724;6.04005;-2.3179;7.7694;-1.72934;-1.72934
326;26.5602;-2.87787;6.07761;-2.87787;6.07761;-1.05478;7.90071;-1.82309;-1.82309
327;18.6249;-4.20726;6.02896;-4.20726;6.02896;-2.47804;7.75819;-1.72922;-1.72922
328;27.6573;-2.27446;6.11313;-2.27446;6.11313;-0.395624;7.99197;-1.87884;-1.87884
329;21.8397;-1.96378;6.05667;-1.96378;6.05667;-0.074088;7.94637;-1.88969;-1.88969
330;36.1072;-2.30822;6.08235;-2.30822;6.08235;-0.45816;7.93241;-1.85006;-1.85006
331;21.2169;-3.69406;6.01215;-3.69406;6.01215;-1.95122;7.75499;-1.74284;-1.74284
332;9.391;-4.05012;6.03739;-4.05012;6.03739;-2.31811;7.7694;-1.73201;-1.73201
333;26.5605;-2.88101;6.07465;-2.88101;6.07465;-1.05494;7.90071;-1.82607;-1.82607
334;18.6249;-4.20999;6.02639;-4.20999;6.02639;-2.47819;7.75819;-1.7318;-1.7318
335;27.6573;-2.2777;6.11003;-2.2777;6.11003;-0.395753;7.99198;-1.88194;-1.88194
336;21.8399;-1.9671;6.05354;-1.9671;6.05354;-0.0742723;7.94636;-1.89283;-1.89283
337;36.1083;-2.31143;6.07938;-2.31143;6.07938;-0.458404;7.9324;-1.85303;-1.85303
338;21.2172;-3.69684;6.0096;-3.69684;6.0096;-1.95146;7.75499;-1.74539;-1.74539
339;9.391;-4.05278;6.03493;-4.05278;6.03493;-2.3183;7.76941;-1.73448;-1.73448
340;26.5607;-2.8839;6.07191;-2.8839;6.07191;-1.05509;7.90072;-1.82881;-1.82881
341;18.625;-4.21251;6.02402;-4.21251;6.02402;-2.47833;7.7582;-1.73417;-1.73417
342;27.6573;-2.28067;6.10718;-2.28067;6.10718;-0.39587;7.99198;-1.8848;-1.8848
343;21.8402;-1.97016;6.05065;-1.97016;6.05065;-0.0744393;7.94636;-1.89572;-1.89572
344;36.1093;-2.31439;6.07663;-2.31439;6.07663;-0.458624;7.9324;-1.85577;-1.85577
345;21.2175;-3.69941;6.00725;-3.69941;6.00725;-1.95168;7.75499;-1.74773;-1.74773
346;9.39099;-4.05522;6.03266;-4.05522;6.03266;-2.31848;7.76941;-1.73675;-1.73675
347;26.561;-2.88657;6.06938;-2.88657;6.06938;-1.05522;7.90073;-1.83134;-1.83134
348;18.625;-4.21483;6.02183;-4.21483;6.02183;-2.47846;7.7582;-1.73637;-1.73637
349;27.6574;-2.28342;6.10454;-2.28342;6.10454;-0.395976;7.99199;-1.88745;-1.88745
350;21.8404;-1.97298;6.04798;-1.97298;6.04798;-0.0745908;7.94636;-1.89838;-1.89838
351;36.1103;-2.31712;6.07409;-2.31712;6.07409;-0.458825;7.93239;-1.8583;-1.8583
352;21.2177;-3.70178;6.00508;-3.70178;6.00508;-1.95187;7.75498;-1.7499;-1.7499
353;9.39099;-4.05748;6.03057;-4.05748;6.03057;-2.31863;7.76941;-1.73885;-1.73885
354;26.5612;-2.88903;6.06705;-2.88903;6.06705;-1.05535;7.90073;-1.83368;-1.83368
355;18.6251;-4.21696;6.01981;-4.21696;6.01981;-2.47857;7.75821;-1.73839;-1.73839
356;27.6574;-2.28596;6.10211;-2.28596;6.10211;-0.396071;7.99199;-1.88988;-1.88988
357;21.8406;-1.97557;6.04551;-1.97557;6.04551;-0.0747284;7.94636;-1.90085;-1.90085
358;36.1111;-2.31964;6.07175;-2.31964;6.07175;-0.459007;7.93238;-1.86063;-1.86063
359;21.2179;-3.70396;6.00308;-3.70396;6.00308;-1.95205;7.75498;-1.7519;-1.7519
360;9.39098;-4.05956;6.02863;-4.05956;6.02863;-2.31878;7.76942;-1.74078;-1.74078
361;26.5613;-2.89129;6.0649;-2.89129;6.0649;-1.05546;7.90074;-1.83584;-1.83584
362;18.6251;-4.21893;6.01795;-4.21893;6.01795;-2.47867;7.75821;-1.74026;-1.74026
363;27.6574;-2.28829;6.09986;-2.28829;6.09986;-0.396158;7.992;-1.89213;-1.89213
364;21.8408;-1.97797;6.04324;-1.97797;6.04324;-0.0748535;7.94636;-1.90312;-1.90312
365;36.1119;-2.32196;6.06959;-2.32196;6.06959;-0.459173;7.93238;-1.86278;-1.86278
366;21.2182;-3.70597;6.00123;-3.70597;6.00123;-1.95222;7.75498;-1.75375;-1.75375
367;9.39098;-4.06148;6.02685;-4.06148;6.02685;-2.31891;7.76942;-1.74257;-1.74257
368;26.5615;-2.89338;6.06292;-2.89338;6.06292;-1.05556;7.90074;-1.83783;-1.83783
369;18.6251;-4.22075;6.01623;-4.22075;6.01623;-2.47877;7.75821;-1.74198;-1.74198
370;27.6574;-2.29045;6.09779;-2.29045;6.09779;-0.396237;7.992;-1.89421;-1.89421
371;21.841;-1.98018;6.04114;-1.98018;6.04114;-0.0749674;7.94636;-1.90521;-1.90521
372;36.1126;-2.3241;6.0676;-2.3241;6.0676;-0.459324;7.93237;-1.86477;-1.86477
373;21.2183;-3.70782;5.99952;-3.70782;5.99952;-1.95237;7.75498;-1.75545;-1.75545
374;9.39097;-4.06324;6.0252;-4.06324;6.0252;-2.31903;7.76942;-1.74422;-1.74422
375;26.5617;-2.89531;6.06108;-2.89531;6.06108;-1.05565;7.90075;-1.83966;-1.83966
376;18.6252;-4.22243;6.01464;-4.22243;6.01464;-2.47885;7.75822;-1.74357;-1.74357
377;27.6574;-2.29243;6.09588;-2.29243;6.09588;-0.396309;7.992;-1.89612;-1.89612
378;21.8411;-1.98222;6.03921;-1.98222;6.03921;-0.0750712;7.94636;-1.90715;-1.90715
379;36.1132;-2.32607;6.06576;-2.32607;6.06576;-0.459462;7.93237;-1.86661;-1.86661
380;21.2185;-3.70953;5.99795;-3.70953;5.99795;-1.9525;7.75497;-1.75702;-1.75702
381;9.39097;-4.06487;6.02369;-4.06487;6.02369;-2.31913;7.76942;-1.74574;-1.74574
382;26.5618;-2.89709;6.05939;-2.89709;6.05939;-1.05573;7.90075;-1.84136;-1.84136
383;18.6252;-4.22397;6.01318;-4.22397;6.01318;-2.47893;7.75822;-1.74504;-1.74504
384;27.6574;-2.29427;6.09411;-2.29427;6.09411;-0.396375;7.99201;-1.89789;-1.89789
385;21.8413;-1.9841;6.03742;-1.9841;6.03742;-0.0751658;7.94636;-1.90893;-1.90893
386;36.1138;-2.32789;6.06406;-2.32789;6.06406;-0.459588;7.93236;-1.8683;-1.8683
387;21.2187;-3.7111;5.9965;-3.7111;5.9965;-1.95263;7.75497;-1.75848;-1.75848
388;9.39097;-4.06637;6.02228;-4.06637;6.02228;-2.31923;7.76943;-1.74714;-1.74714
389;26.5619;-2.89873;6.05783;-2.89873;6.05783;-1.05581;7.90076;-1.84292;-1.84292
390;18.6252;-4.2254;6.01183;-4.2254;6.01183;-2.479;7.75822;-1.74639;-1.74639
391;27.6574;-2.29596;6.09249;-2.29596;6.09249;-0.396435;7.99201;-1.89952;-1.89952
392;21.8414;-1.98583;6.03577;-1.98583;6.03577;-0.0752523;7.94635;-1.91058;-1.91058
393;36.1144;-2.32956;6.0625;-2.32956;6.0625;-0.459703;7.93236;-1.86986;-1.86986
394;21.2188;-3.71256;5.99516;-3.71256;5.99516;-1.95274;7.75497;-1.75981;-1.75981
395;9.39097;-4.06776;6.02099;-4.06776;6.02099;-2.31932;7.76943;-1.74843;-1.74843
396;26.562;-2.90024;6.0564;-2.90024;6.0564;-1.05588;7.90076;-1.84437;-1.84437
397;18.6252;-4.22671;6.01058;-4.22671;6.01058;-2.47907;7.75822;-1.74764;-1.74764
398;27.6574;-2.29752;6.09099;-2.29752;6.09099;-0.396489;7.99201;-1.90103;-1.90103
399;21.8415;-1.98743;6.03425;-1.98743;6.03425;-0.0753312;7.94635;-1.9121;-1.9121
400;36.1149;-2.33111;6.06106;-2.33111;6.06106;-0.459808;7.93236;-1.8713;-1.8713
401;21.219;-3.71389;5.99392;-3.71389;5.99392;-1.95285;7.75497;-1.76105;-1.76105
402;9.39096;-4.06904;6.0198;-4.06904;6.0198;-2.31941;7.76943;-1.74963;-1.74963
403;26.5622;-2.90164;6.05507;-2.90164;6.05507;-1.05594;7.90076;-1.8457;-1.8457
404;18.6253;-4.22792;6.00943;-4.22792;6.00943;-2.47913;7.75823;-1.7488;-1.7488
405;27.6574;-2.29896;6.0896;-2.29896;6.0896;-0.396539;7.99202;-1.90242;-1.90242
406;21.8416;-1.98891;6.03285;-1.98891;6.03285;-0.0754034;7.94635;-1.9135;-1.9135
407;36.1153;-2.33253;6.05972;-2.33253;6.05972;-0.459904;7.93235;-1.87263;-1.87263
408;21.2191;-3.71513;5.99278;-3.71513;5.99278;-1.95294;7.75497;-1.76219;-1.76219
409;9.39096;-4.07021;6.0187;-4.07021;6.0187;-2.31948;7.76943;-1.75073;-1.75073
410;26.5623;-2.90292;6.05384;-2.90292;6.05384;-1.056;7.90077;-1.84692;-1.84692
411;18.6253;-4.22904;6.00837;-4.22904;6.00837;-2.47918;7.75823;-1.74986;-1.74986
412;27.6575;-2.30028;6.08832;-2.30028;6.08832;-0.396585;7.99202;-1.9037;-1.9037
413;21.8417;-1.99027;6.03156;-1.99027;6.03156;-0.0754695;7.94635;-1.9148;-1.9148
414;36.1157;-2.33385;6.05849;-2.33385;6.05849;-0.459992;7.93235;-1.87386;-1.87386
415;21.2192;-3.71627;5.99173;-3.71627;5.99173;-1.95303;7.75497;-1.76324;-1.76324
416;9.39096;-4.0713;6.01768;-4.0713;6.01768;-2.31955;7.76943;-1.75175;-1.75175
417;26.5623;-2.90411;6.05271;-2.90411;6.05271;-1.05605;7.90077;-1.84806;-1.84806
418;18.6253;-4.23007;6.00739;-4.23007;6.00739;-2.47923;7.75823;-1.75084;-1.75084
419;27.6575;-2.30151;6.08714;-2.30151;6.08714;-0.396627;7.99202;-1.90488;-1.90488
420;21.8418;-1.99152;6.03036;-1.99152;6.03036;-0.0755299;7.94635;-1.91599;-1.91599
421;36.1161;-2.33506;6.05736;-2.33506;6.05736;-0.460073;7.93235;-1.87499;-1.87499
422;21.2193;-3.71732;5.99076;-3.71732;5.99076;-1.95311;7.75497;-1.76421;-1.76421
423;9.39096;-4.0723;6.01675;-4.0723;6.01675;-2.31961;7.76943;-1.75269;-1.75269
424;26.5624;-2.9052;6.05167;-2.9052;6.05167;-1.0561;7.90077;-1.8491;-1.8491
425;18.6253;-4.23102;6.00648;-4.23102;6.00648;-2.47928;7.75823;-1.75175;-1.75175
426;27.6575;-2.30263;6.08605;-2.30263;6.08605;-0.396665;7.99202;-1.90597;-1.90597
427;21.8419;-1.99268;6.02926;-1.99268;6.02926;-0.0755854;7.94635;-1.91709;-1.91709
428;36.1165;-2.33618;6.05631;-2.33618;6.05631;-0.460147;7.93234;-1.87603;-1.87603
429;21.2194;-3.71829;5.98986;-3.71829;5.98986;-1.95318;7.75497;-1.76511;-1.76511
430;9.39095;-4.07323;6.01588;-4.07323;6.01588;-2.31967;7.76943;-1.75355;-1.75355
431;26.5625;-2.90621;6.05071;-2.90621;6.05071;-1.05614;7.90077;-1.85007;-1.85007
432;18.6253;-4.2319;6.00565;-4.2319;6.00565;-2.47932;7.75823;-1.75258;-1.75258
433;27.6575;-2.30368;6.08505;-2.30368;6.08505;-0.3967;7.99202;-1.90698;-1.90698
434;21.8419;-1.99374;6.02824;-1.99374;6.02824;-0.0756361;7.94635;-1.91811;-1.91811
435;36.1168;-2.33721;6.05535;-2.33721;6.05535;-0.460214;7.93234;-1.877;-1.877
436;21.2195;-3.71918;5.98903;-3.71918;5.98903;-1.95325;7.75496;-1.76593;-1.76593
437;9.39095;-4.07408;6.01508;-4.07408;6.01508;-2.31973;7.76944;-1.75435;-1.75435
438;26.5626;-2.90714;6.04982;-2.90714;6.04982;-1.05618;7.90078;-1.85096;-1.85096
439;18.6254;-4.23271;6.00488;-4.23271;6.00488;-2.47935;7.75823;-1.75335;-1.75335
440;27.6575;-2.30464;6.08412;-2.30464;6.08412;-0.396732;7.99202;-1.9079;-1.9079
441;21.842;-1.99473;6.0273;-1.99473;6.0273;-0.0756827;7.94635;-1.91905;-1.91905
442;36.1171;-2.33816;6.05445;-2.33816;6.05445;-0.460277;7.93234;-1.87789;-1.87789
443;21.2195;-3.72;5.98827;-3.72;5.98827;-1.95331;7.75496;-1.76669;-1.76669
444;9.39095;-4.07487;6.01435;-4.07487;6.01435;-2.31977;7.76944;-1.75509;-1.75509
445;26.5626;-2.908;6.049;-2.908;6.049;-1.05622;7.90078;-1.85178;-1.85178
446;18.6254;-4.23345;6.00417;-4.23345;6.00417;-2.47939;7.75823;-1.75407;-1.75407
447;27.6575;-2.30552;6.08326;-2.30552;6.08326;-0.396761;7.99203;-1.90876;-1.90876
448;21.8421;-1.99564;6.02644;-1.99564;6.02644;-0.0757254;7.94635;-1.91991;-1.91991
449;36.1174;-2.33904;6.05363;-2.33904;6.05363;-0.460334;7.93234;-1.87871;-1.87871
450;21.2196;-3.72076;5.98757;-3.72076;5.98757;-1.95337;7.75496;-1.7674;-1.7674
451;9.39095;-4.07559;6.01367;-4.07559;6.01367;-2.31982;7.76944;-1.75577;-1.75577
452;26.5627;-2.9088;6.04824;-2.9088;6.04824;-1.05626;7.90078;-1.85254;-1.85254
453;18.6254;-4.23414;6.00351;-4.23414;6.00351;-2.47942;7.75824;-1.75472;-1.75472
454;27.6575;-2.30634;6.08248;-2.30634;6.08248;-0.396788;7.99203;-1.90955;-1.90955
455;21.8421;-1.99647;6.02564;-1.99647;6.02564;-0.0757647;7.94635;-1.92071;-1.92071
456;36.1176;-2.33985;6.05287;-2.33985;6.05287;-0.460386;7.93234;-1.87946;-1.87946
457;21.2197;-3.72146;5.98692;-3.72146;5.98692;-1.95342;7.75496;-1.76805;-1.76805
458;9.39095;-4.07626;6.01304;-4.07626;6.01304;-2.31986;7.76944;-1.7564;-1.7564
459;26.5627;-2.90953;6.04754;-2.90953;6.04754;-1.05629;7.90078;-1.85324;-1.85324
460;18.6254;-4.23478;6.00291;-4.23478;6.00291;-2.47945;7.75824;-1.75533;-1.75533
461;27.6575;-2.30709;6.08175;-2.30709;6.08175;-0.396813;7.99203;-1.91028;-1.91028
462;21.8422;-1.99725;6.0249;-1.99725;6.0249;-0.0758007;7.94635;-1.92145;-1.92145
463;36.1178;-2.3406;6.05217;-2.3406;6.05217;-0.460434;7.93233;-1.88016;-1.88016
464;21.2198;-3.72211;5.98632;-3.72211;5.98632;-1.95346;7.75496;-1.76864;-1.76864
465;9.39095;-4.07688;6.01246;-4.07688;6.01246;-2.3199;7.76944;-1.75698;-1.75698
466;26.5628;-2.9102;6.0469;-2.9102;6.0469;-1.05632;7.90078;-1.85388;-1.85388
467;18.6254;-4.23536;6.00235;-4.23536;6.00235;-2.47948;7.75824;-1.75589;-1.75589
468;27.6575;-2.30779;6.08108;-2.30779;6.08108;-0.396836;7.99203;-1.91095;-1.91095
469;21.8422;-1.99796;6.02422;-1.99796;6.02422;-0.0758338;7.94635;-1.92213;-1.92213
470;36.118;-2.34128;6.05153;-2.34128;6.05153;-0.460478;7.93233;-1.88081;-1.88081
471;21.2198;-3.72271;5.98576;-3.72271;5.98576;-1.95351;7.75496;-1.7692;-1.7692
472;9.39094;-4.07745;6.01193;-4.07745;6.01193;-2.31993;7.76944;-1.75751;-1.75751
473;26.5628;-2.91082;6.0463;-2.91082;6.0463;-1.05634;7.90078;-1.85448;-1.85448
474;18.6254;-4.2359;6.00184;-4.2359;6.00184;-2.4795;7.75824;-1.7564;-1.7564
475;27.6575;-2.30843;6.08046;-2.30843;6.08046;-0.396857;7.99203;-1.91158;-1.91158
476;21.8423;-1.99862;6.02359;-1.99862;6.02359;-0.0758642;7.94635;-1.92275;-1.92275
477;36.1182;-2.34192;6.05093;-2.34192;6.05093;-0.460519;7.93233;-1.8814;-1.8814
478;21.2199;-3.72326;5.98525;-3.72326;5.98525;-1.95355;7.75496;-1.76971;-1.76971
479;9.39094;-4.07797;6.01143;-4.07797;6.01143;-2.31997;7.76944;-1.75801;-1.75801
480;26.5629;-2.9114;6.04576;-2.9114;6.04576;-1.05637;7.90079;-1.85503;-1.85503
481;18.6254;-4.2364;6.00136;-4.2364;6.00136;-2.47953;7.75824;-1.75688;-1.75688
482;27.6575;-2.30902;6.07988;-2.30902;6.07988;-0.396876;7.99203;-1.91215;-1.91215
483;21.8423;-1.99923;6.02301;-1.99923;6.02301;-0.0758921;7.94635;-1.92333;-1.92333
484;36.1184;-2.34251;6.05038;-2.34251;6.05038;-0.460556;7.93233;-1.88195;-1.88195
485;21.2199;-3.72376;5.98478;-3.72376;5.98478;-1.95359;7.75496;-1.77018;-1.77018
486;9.39094;-4.07846;6.01098;-4.07846;6.01098;-2.31999;7.76944;-1.75846;-1.75846
487;26.5629;-2.91193;6.04525;-2.91193;6.04525;-1.05639;7.90079;-1.85554;-1.85554
488;18.6254;-4.23686;6.00092;-4.23686;6.00092;-2.47955;7.75824;-1.75732;-1.75732
489;27.6575;-2.30957;6.07936;-2.30957;6.07936;-0.396894;7.99203;-1.91268;-1.91268
490;21.8424;-1.99978;6.02248;-1.99978;6.02248;-0.0759178;7.94635;-1.92387;-1.92387
491;36.1186;-2.34305;6.04987;-2.34305;6.04987;-0.460591;7.93233;-1.88246;-1.88246
492;21.22;-3.72423;5.98435;-3.72423;5.98435;-1.95362;7.75496;-1.77061;-1.77061
493;9.39094;-4.0789;6.01056;-4.0789;6.01056;-2.32002;7.76944;-1.75888;-1.75888
494;26.5629;-2.91242;6.04478;-2.91242;6.04478;-1.05641;7.90079;-1.856;-1.856
495;18.6254;-4.23729;6.00052;-4.23729;6.00052;-2.47957;7.75824;-1.75772;-1.75772
496;27.6575;-2.31008;6.07887;-2.31008;6.07887;-0.39691;7.99203;-1.91317;-1.91317
497;21.8424;-2.0003;6.02199;-2.0003;6.02199;-0.0759415;7.94635;-1.92436;-1.92436
498;36.1187;-2.34355;6.0494;-2.34355;6.0494;-0.460622;7.93233;-1.88292;-1.88292
499;21.22;-3.72466;5.98395;-3.72466;5.98395;-1.95365;7.75496;-1.77101;-1.77101
500;9.39094;-4.07931;6.01017;-4.07931;6.01017;-2.32005;7.76944;-1.75927;-1.75927
501;26.563;-2.91287;6.04435;-2.91287;6.04435;-1.05643;7.90079;-1.85644;-1.85644
502;18.6254;-4.23768;6.00015;-4.23768;6.00015;-2.47958;7.75824;-1.7581;-1.7581
503;27.6575;-2.31054;6.07842;-2.31054;6.07842;-0.396925;7.99203;-1.91362;-1.91362
504;21.8424;-2.00078;6.02153;-2.00078;6.02153;-0.0759632;7.94635;-1.92481;-1.92481
505;36.1189;-2.34401;6.04897;-2.34401;6.04897;-0.460652;7.93233;-1.88335;-1.88335
506;21.22;-3.72506;5.98358;-3.72506;5.98358;-1.95368;7.75496;-1.77138;-1.77138
507;9.39094;-4.07969;6.00982;-4.07969;6.00982;-2.32007;7.76944;-1.75963;-1.75963
508;26.563;-2.91328;6.04396;-2.91328;6.04396;-1.05645;7.90079;-1.85683;-1.85683
509;18.6254;-4.23804;5.9998;-4.23804;5.9998;-2.4796;7.75824;-1.75844;-1.75844
510;27.6575;-2.31097;6.078;-2.31097;6.078;-0.396938;7.99204;-1.91403;-1.91403
511;21.8425;-2.00122;6.02111;-2.00122;6.02111;-0.0759832;7.94635;-1.92523;-1.92523
512;36.119;-2.34443;6.04857;-2.34443;6.04857;-0.460678;7.93233;-1.88375;-1.88375
513;21.2201;-3.72543;5.98324;-3.72543;5.98324;-1.95371;7.75496;-1.77172;-1.77172
514;9.39094;-4.08005;6.00949;-4.08005;6.00949;-2.32009;7.76944;-1.75996;-1.75996
515;26.563;-2.91367;6.04359;-2.91367;6.04359;-1.05646;7.90079;-1.8572;-1.8572
516;18.6254;-4.23837;5.99948;-4.23837;5.99948;-2.47962;7.75824;-1.75876;-1.75876
517;27.6575;-2.31137;6.07762;-2.31137;6.07762;-0.396951;7.99204;-1.91441;-1.91441
518;21.8425;-2.00162;6.02073;-2.00162;6.02073;-0.0760016;7.94635;-1.92562;-1.92562
519;36.1191;-2.34482;6.04821;-2.34482;6.04821;-0.460703;7.93232;-1.88412;-1.88412
520;21.2201;-3.72577;5.98292;-3.72577;5.98292;-1.95373;7.75496;-1.77204;-1.77204
521;9.39094;-4.08037;6.00918;-4.08037;6.00918;-2.32011;7.76944;-1.76026;-1.76026
522;26.5631;-2.91402;6.04325;-2.91402;6.04325;-1.05648;7.90079;-1.85754;-1.85754
523;18.6255;-4.23868;5.99919;-4.23868;5.99919;-2.47963;7.75824;-1.75905;-1.75905
524;27.6575;-2.31173;6.07727;-2.31173;6.07727;-0.396963;7.99204;-1.91477;-1.91477
525;21.8425;-2.002;6.02037;-2.002;6.02037;-0.0760186;7.94635;-1.92598;-1.92598
526;36.1192;-2.34518;6.04787;-2.34518;6.04787;-0.460726;7.93232;-1.88446;-1.88446
527;21.2201;-3.72608;5.98263;-3.72608;5.98263;-1.95375;7.75496;-1.77233;-1.77233
528;9.39094;-4.08067;6.0089;-4.08067;6.0089;-2.32013;7.76944;-1.76054;-1.76054
529;26.5631;-2.91435;6.04294;-2.91435;6.04294;-1.05649;7.90079;-1.85785;-1.85785
530;18.6255;-4.23896;5.99892;-4.23896;5.99892;-2.47964;7.75824;-1.75932;-1.75932
531;27.6575;-2.31207;6.07694;-2.31207;6.07694;-0.396973;7.99204;-1.91509;-1.91509
532;21.8425;-2.00234;6.02004;-2.00234;6.02004;-0.0760342;7.94635;-1.92631;-1.92631
533;36.1193;-2.34552;6.04755;-2.34552;6.04755;-0.460747;7.93232;-1.88477;-1.88477
534;21.2202;-3.72637;5.98236;-3.72637;5.98236;-1.95377;7.75496;-1.77259;-1.77259
535;9.39094;-4.08094;6.00864;-4.08094;6.00864;-2.32014;7.76944;-1.7608;-1.7608
536;26.5631;-2.91465;6.04265;-2.91465;6.04265;-1.0565;7.90079;-1.85814;-1.85814
537;18.6255;-4.23923;5.99867;-4.23923;5.99867;-2.47965;7.75824;-1.75957;-1.75957
538;27.6575;-2.31238;6.07664;-2.31238;6.07664;-0.396983;7.99204;-1.9154;-1.9154
539;21.8426;-2.00266;6.01973;-2.00266;6.01973;-0.0760486;7.94635;-1.92661;-1.92661
540;36.1194;-2.34582;6.04726;-2.34582;6.04726;-0.460766;7.93232;-1.88506;-1.88506
541;21.2202;-3.72663;5.98212;-3.72663;5.98212;-1.95379;7.75496;-1.77284;-1.77284
542;9.39094;-4.0812;6.00841;-4.0812;6.00841;-2.32016;7.76944;-1.76104;-1.76104
543;26.5631;-2.91493;6.04238;-2.91493;6.04238;-1.05652;7.90079;-1.85841;-1.85841
544;18.6255;-4.23947;5.99844;-4.23947;5.99844;-2.47966;7.75824;-1.7598;-1.7598
545;27.6575;-2.31267;6.07636;-2.31267;6.07636;-0.396992;7.99204;-1.91567;-1.91567
546;21.8426;-2.00295;6.01945;-2.00295;6.01945;-0.0760618;7.94635;-1.92689;-1.92689
547;36.1195;-2.34611;6.047;-2.34611;6.047;-0.460784;7.93232;-1.88532;-1.88532
548;21.2202;-3.72688;5.98189;-3.72688;5.98189;-1.95381;7.75496;-1.77307;-1.77307
549;9.39094;-4.08143;6.00819;-4.08143;6.00819;-2.32017;7.76944;-1.76126;-1.76126
550;26.5631;-2.91518;6.04214;-2.91518;6.04214;-1.05653;7.90079;-1.85865;-1.85865
551;18.6255;-4.23969;5.99823;-4.23969;5.99823;-2.47967;7.75824;-1.76002;-1.76002
552;27.6575;-2.31293;6.07611;-2.31293;6.07611;-0.397001;7.99204;-1.91593;-1.91593
553;21.8426;-2.00323;6.01919;-2.00323;6.01919;-0.076074;7.94635;-1.92715;-1.92715
554;36.1196;-2.34637;6.04675;-2.34637;6.04675;-0.4608;7.93232;-1.88557;-1.88557
555;21.2202;-3.72711;5.98168;-3.72711;5.98168;-1.95383;7.75496;-1.77328;-1.77328
556;9.39094;-4.08165;6.00798;-4.08165;6.00798;-2.32019;7.76945;-1.76146;-1.76146
557;26.5632;-2.91542;6.04191;-2.91542;6.04191;-1.05654;7.90079;-1.85888;-1.85888
558;18.6255;-4.2399;5.99803;-4.2399;5.99803;-2.47968;7.75824;-1.76021;-1.76021
559;27.6575;-2.31317;6.07587;-2.31317;6.07587;-0.397008;7.99204;-1.91617;-1.91617
560;21.8426;-2.00348;6.01895;-2.00348;6.01895;-0.0760852;7.94635;-1.92739;-1.92739
561;36.1197;-2.34661;6.04652;-2.34661;6.04652;-0.460815;7.93232;-1.8858;-1.8858
562;21.2202;-3.72732;5.98148;-3.72732;5.98148;-1.95384;7.75496;-1.77347;-1.77347
563;9.39094;-4.08185;6.0078;-4.08185;6.0078;-2.3202;7.76945;-1.76165;-1.76165
564;26.5632;-2.91564;6.0417;-2.91564;6.0417;-1.05655;7.9008;-1.85909;-1.85909
565;18.6255;-4.24009;5.99785;-4.24009;5.99785;-2.47969;7.75825;-1.76039;-1.76039
566;27.6575;-2.3134;6.07565;-2.3134;6.07565;-0.397015;7.99204;-1.91638;-1.91638
567;21.8426;-2.00371;6.01873;-2.00371;6.01873;-0.0760956;7.94634;-1.92761;-1.92761
568;36.1197;-2.34683;6.04631;-2.34683;6.04631;-0.460829;7.93232;-1.88601;-1.88601
569;21.2203;-3.72751;5.9813;-3.72751;5.9813;-1.95385;7.75496;-1.77365;-1.77365
570;9.39093;-4.08203;6.00762;-4.08203;6.00762;-2.32021;7.76945;-1.76182;-1.76182
571;26.5632;-2.91584;6.04151;-2.91584;6.04151;-1.05655;7.9008;-1.85928;-1.85928
572;18.6255;-4.24026;5.99768;-4.24026;5.99768;-2.4797;7.75825;-1.76056;-1.76056
573;27.6575;-2.31361;6.07545;-2.31361;6.07545;-0.397022;7.99204;-1.91659;-1.91659
574;21.8426;-2.00392;6.01853;-2.00392;6.01853;-0.0761051;7.94634;-1.92781;-1.92781
575;36.1198;-2.34704;6.04612;-2.34704;6.04612;-0.460842;7.93232;-1.8862;-1.8862
576;21.2203;-3.72769;5.98114;-3.72769;5.98114;-1.95387;7.75496;-1.77382;-1.77382
577;9.39093;-4.0822;6.00746;-4.0822;6.00746;-2.32022;7.76945;-1.76198;-1.76198
578;26.5632;-2.91602;6.04133;-2.91602;6.04133;-1.05656;7.9008;-1.85946;-1.85946
579;18.6255;-4.24042;5.99753;-4.24042;5.99753;-2.47971;7.75825;-1.76072;-1.76072
580;27.6575;-2.3138;6.07527;-2.3138;6.07527;-0.397028;7.99204;-1.91677;-1.91677
581;21.8427;-2.00412;6.01834;-2.00412;6.01834;-0.0761139;7.94634;-1.928;-1.928
582;36.1198;-2.34723;6.04594;-2.34723;6.04594;-0.460853;7.93232;-1.88638;-1.88638
583;21.2203;-3.72785;5.98099;-3.72785;5.98099;-1.95388;7.75496;-1.77397;-1.77397
584;9.39093;-4.08236;6.00732;-4.08236;6.00732;-2.32023;7.76945;-1.76213;-1.76213
585;26.5632;-2.9162;6.04117;-2.9162;6.04117;-1.05657;7.9008;-1.85963;-1.85963
586;18.6255;-4.24057;5.99739;-4.24057;5.99739;-2.47971;7.75825;-1.76086;-1.76086
587;27.6575;-2.31398;6.0751;-2.31398;6.0751;-0.397034;7.99204;-1.91694;-1.91694
588;21.8427;-2.0043;6.01817;-2.0043;6.01817;-0.076122;7.94634;-1.92817;-1.92817
589;36.1199;-2.3474;6.04578;-2.3474;6.04578;-0.460864;7.93232;-1.88654;-1.88654
590;21.2203;-3.728;5.98084;-3.728;5.98084;-1.95389;7.75496;-1.77411;-1.77411
591;9.39093;-4.0825;6.00718;-4.0825;6.00718;-2.32024;7.76945;-1.76227;-1.76227
592;26.5632;-2.91635;6.04102;-2.91635;6.04102;-1.05658;7.9008;-1.85978;-1.85978
593;18.6255;-4.24071;5.99726;-4.24071;5.99726;-2.47972;7.75825;-1.76099;-1.76099
594;27.6575;-2.31414;6.07494;-2.31414;6.07494;-0.397039;7.99204;-1.9171;-1.9171
595;21.8427;-2.00446;6.01801;-2.00446;6.01801;-0.0761295;7.94634;-1.92833;-1.92833
596;36.1199;-2.34757;6.04563;-2.34757;6.04563;-0.460874;7.93232;-1.88669;-1.88669
597;21.2203;-3.72814;5.98071;-3.72814;5.98071;-1.9539;7.75496;-1.77424;-1.77424
598;9.39093;-4.08264;6.00705;-4.08264;6.00705;-2.32024;7.76945;-1.76239;-1.76239
599;26.5632;-2.9165;6.04088;-2.9165;6.04088;-1.05658;7.9008;-1.85992;-1.85992
600;18.6255;-4.24084;5.99714;-4.24084;5.99714;-2.47972;7.75825;-1.76111;-1.76111
601;27.6575;-2.31429;6.07479;-2.31429;6.07479;-0.397043;7.99204;-1.91725;-1.91725
602;21.8427;-2.00462;6.01786;-2.00462;6.01786;-0.0761363;7.94634;-1.92848;-1.92848
603;36.12;-2.34772;6.04549;-2.34772;6.04549;-0.460883;7.93232;-1.88683;-1.88683
604;21.2203;-3.72827;5.98059;-3.72827;5.98059;-1.95391;7.75496;-1.77436;-1.77436
605;9.39093;-4.08276;6.00694;-4.08276;6.00694;-2.32025;7.76945;-1.76251;-1.76251
606;26.5632;-2.91663;6.04075;-2.91663;6.04075;-1.05659;7.9008;-1.86005;-1.86005
607;18.6255;-4.24095;5.99702;-4.24095;5.99702;-2.47973;7.75825;-1.76122;-1.76122
608;27.6575;-2.31443;6.07466;-2.31443;6.07466;-0.397048;7.99204;-1.91738;-1.91738
609;21.8427;-2.00476;6.01773;-2.00476;6.01773;-0.0761427;7.94634;-1.92862;-1.92862
610;36.12;-2.34785;6.04536;-2.34785;6.04536;-0.460892;7.93232;-1.88696;-1.88696
611;21.2203;-3.72839;5.98048;-3.72839;5.98048;-1.95392;7.75496;-1.77447;-1.77447
612;9.39093;-4.08287;6.00683;-4.08287;6.00683;-2.32026;7.76945;-1.76262;-1.76262
613;26.5632;-2.91676;6.04063;-2.91676;6.04063;-1.05659;7.9008;-1.86017;-1.86017
614;18.6255;-4.24106;5.99692;-4.24106;5.99692;-2.47973;7.75825;-1.76133;-1.76133
615;27.6575;-2.31456;6.07454;-2.31456;6.07454;-0.397052;7.99204;-1.91751;-1.91751
616;21.8427;-2.00489;6.0176;-2.00489;6.0176;-0.0761485;7.94634;-1.92874;-1.92874
617;36.1201;-2.34798;6.04524;-2.34798;6.04524;-0.4609;7.93232;-1.88708;-1.88708
618;21.2203;-3.7285;5.98038;-3.7285;5.98038;-1.95392;7.75496;-1.77457;-1.77457
619;9.39093;-4.08298;6.00673;-4.08298;6.00673;-2.32026;7.76945;-1.76271;-1.76271
620;26.5633;-2.91687;6.04052;-2.91687;6.04052;-1.0566;7.9008;-1.86028;-1.86028
621;18.6255;-4.24116;5.99683;-4.24116;5.99683;-2.47974;7.75825;-1.76142;-1.76142
622;27.6575;-2.31468;6.07442;-2.31468;6.07442;-0.397055;7.99204;-1.91762;-1.91762
623;21.8427;-2.00501;6.01749;-2.00501;6.01749;-0.0761539;7.94634;-1.92886;-1.92886
624;36.1201;-2.3481;6.04513;-2.3481;6.04513;-0.460907;7.93232;-1.88719;-1.88719
625;21.2204;-3.7286;5.98029;-3.7286;5.98029;-1.95393;7.75496;-1.77467;-1.77467
626;9.39093;-4.08307;6.00664;-4.08307;6.00664;-2.32027;7.76945;-1.76281;-1.76281
627;26.5633;-2.91698;6.04042;-2.91698;6.04042;-1.0566;7.9008;-1.86038;-1.86038
628;18.6255;-4.24125;5.99674;-4.24125;5.99674;-2.47974;7.75825;-1.76151;-1.76151
629;27.6575;-2.31479;6.07432;-2.31479;6.07432;-0.397059;7.99204;-1.91773;-1.91773
630;21.8427;-2.00512;6.01738;-2.00512;6.01738;-0.0761589;7.94634;-1.92897;-1.92897
631;36.1201;-2.3482;6.04503;-2.3482;6.04503;-0.460914;7.93232;-1.88729;-1.88729
632;21.2204;-3.72869;5.9802;-3.72869;5.9802;-1.95394;7.75496;-1.77475;-1.77475
633;9.39093;-4.08316;6.00656;-4.08316;6.00656;-2.32027;7.76945;-1.76289;-1.76289
634;26.5633;-2.91708;6.04033;-2.91708;6.04033;-1.0566;7.9008;-1.86047;-1.86047
635;18.6255;-4.24134;5.99666;-4.24134;5.99666;-2.47975;7.75825;-1.76159;-1.76159
636;27.6575;-2.31489;6.07422;-2.31489;6.07422;-0.397062;7.99204;-1.91782;-1.91782
637;21.8427;-2.00523;6.01728;-2.00523;6.01728;-0.0761635;7.94634;-1.92906;-1.92906
638;36.1202;-2.3483;6.04493;-2.3483;6.04493;-0.46092;7.93232;-1.88738;-1.88738
639;21.2204;-3.72878;5.98012;-3.72878;5.98012;-1.95394;7.75496;-1.77483;-1.77483
640;9.39093;-4.08325;6.00648;-4.08325;6.00648;-2.32028;7.76945;-1.76297;-1.76297
641;26.5633;-2.91717;6.04024;-2.91717;6.04024;-1.05661;7.9008;-1.86056;-1.86056
642;18.6255;-4.24141;5.99658;-4.24141;5.99658;-2.47975;7.75825;-1.76166;-1.76166
643;27.6575;-2.31498;6.07413;-2.31498;6.07413;-0.397065;7.99204;-1.91791;-1.91791
644;21.8427;-2.00532;6.01719;-2.00532;6.01719;-0.0761677;7.94634;-1.92916;-1.92916
645;36.1202;-2.3484;6.04485;-2.3484;6.04485;-0.460925;7.93232;-1.88747;-1.88747
646;21.2204;-3.72886;5.98005;-3.72886;5.98005;-1.95395;7.75496;-1.77491;-1.77491
647;9.39093;-4.08332;6.00641;-4.08332;6.00641;-2.32028;7.76945;-1.76304;-1.76304
648;26.5633;-2.91725;6.04016;-2.91725;6.04016;-1.05661;7.9008;-1.86064;-1.86064
649;18.6255;-4.24149;5.99651;-4.24149;5.99651;-2.47975;7.75825;-1.76173;-1.76173
650;27.6575;-2.31506;6.07404;-2.31506;6.07404;-0.397068;7.99204;-1.918;-1.918
651;21.8427;-2.00541;6.0171;-2.00541;6.0171;-0.0761716;7.94634;-1.92924;-1.92924
652;36.1202;-2.34848;6.04477;-2.34848;6.04477;-0.460931;7.93232;-1.88755;-1.88755
653;21.2204;-3.72893;5.97998;-3.72893;5.97998;-1.95396;7.75496;-1.77498;-1.77498
654;9.39093;-4.08339;6.00634;-4.08339;6.00634;-2.32029;7.76945;-1.7631;-1.7631
655;26.5633;-2.91733;6.04009;-2.91733;6.04009;-1.05662;7.9008;-1.86071;-1.86071
656;18.6255;-4.24155;5.99645;-4.24155;5.99645;-2.47976;7.75825;-1.7618;-1.7618
657;27.6575;-2.31514;6.07397;-2.31514;6.07397;-0.39707;7.99204;-1.91807;-1.91807
658;21.8427;-2.00549;6.01703;-2.00549;6.01703;-0.0761752;7.94634;-1.92932;-1.92932
659;36.1202;-2.34856;6.04469;-2.34856;6.04469;-0.460936;7.93232;-1.88762;-1.88762
660;21.2204;-3.729;5.97992;-3.729;5.97992;-1.95396;7.75496;-1.77504;-1.77504
661;9.39093;-4.08346;6.00628;-4.08346;6.00628;-2.32029;7.76945;-1.76317;-1.76317
662;26.5633;-2.9174;6.04002;-2.9174;6.04002;-1.05662;7.9008;-1.86078;-1.86078
663;18.6255;-4.24161;5.99639;-4.24161;5.99639;-2.47976;7.75825;-1.76186;-1.76186
664;27.6575;-2.31522;6.0739;-2.31522;6.0739;-0.397072;7.99204;-1.91814;-1.91814
665;21.8428;-2.00557;6.01696;-2.00557;6.01696;-0.0761785;7.94634;-1.92939;-1.92939
666;36.1203;-2.34863;6.04463;-2.34863;6.04463;-0.46094;7.93232;-1.88769;-1.88769
667;21.2204;-3.72906;5.97986;-3.72906;5.97986;-1.95396;7.75496;-1.7751;-1.7751
668;9.39093;-4.08352;6.00623;-4.08352;6.00623;-2.3203;7.76945;-1.76322;-1.76322
669;26.5633;-2.91746;6.03996;-2.91746;6.03996;-1.05662;7.9008;-1.86084;-1.86084
670;18.6255;-4.24167;5.99634;-4.24167;5.99634;-2.47976;7.75825;-1.76191;-1.76191
671;27.6575;-2.31528;6.07383;-2.31528;6.07383;-0.397074;7.99204;-1.91821;-1.91821
672;21.8428;-2.00564;6.01689;-2.00564;6.01689;-0.0761816;7.94634;-1.92945;-1.92945
673;36.1203;-2.3487;6.04456;-2.3487;6.04456;-0.460944;7.93232;-1.88775;-1.88775
674;21.2204;-3.72912;5.9798;-3.72912;5.9798;-1.95397;7.75496;-1.77515;-1.77515
675;9.39093;-4.08357;6.00617;-4.08357;6.00617;-2.3203;7.76945;-1.76327;-1.76327
676;26.5633;-2.91752;6.0399;-2.91752;6.0399;-1.05662;7.9008;-1.8609;-1.8609
677;18.6255;-4.24172;5.99629;-4.24172;5.99629;-2.47976;7.75825;-1.76196;-1.76196
678;27.6575;-2.31535;6.07377;-2.31535;6.07377;-0.397076;7.99204;-1.91827;-1.91827
679;21.8428;-2.0057;6.01683;-2.0057;6.01683;-0.0761844;7.94634;-1.92952;-1.92952
680;36.1203;-2.34876;6.0445;-2.34876;6.0445;-0.460948;7.93232;-1.88781;-1.88781
681;21.2204;-3.72917;5.97975;-3.72917;5.97975;-1.95397;7.75496;-1.7752;-1.7752
682;9.39093;-4.08362;6.00613;-4.08362;6.00613;-2.3203;7.76945;-1.76332;-1.76332
683;26.5633;-2.91758;6.03985;-2.91758;6.03985;-1.05663;7.9008;-1.86095;-1.86095
684;18.6255;-4.24177;5.99624;-4.24177;5.99624;-2.47977;7.75825;-1.76201;-1.76201
685;27.6575;-2.3154;6.07372;-2.3154;6.07372;-0.397078;7.99204;-1.91833;-1.91833
686;21.8428;-2.00576;6.01677;-2.00576;6.01677;-0.076187;7.94634;-1.92957;-1.92957
687;36.1203;-2.34882;6.04445;-2.34882;6.04445;-0.460951;7.93232;-1.88786;-1.88786
688;21.2204;-3.72922;5.97971;-3.72922;5.97971;-1.95398;7.75496;-1.77525;-1.77525
689;9.39093;-4.08367;6.00608;-4.08367;6.00608;-2.3203;7.76945;-1.76337;-1.76337
690;26.5633;-2.91763;6.0398;-2.91763;6.0398;-1.05663;7.9008;-1.861;-1.861
691;18.6255;-4.24182;5.9962;-4.24182;5.9962;-2.47977;7.75825;-1.76205;-1.76205
692;27.6575;-2.31546;6.07367;-2.31546;6.07367;-0.39708;7.99204;-1.91838;-1.91838
693;21.8428;-2.00581;6.01672;-2.00581;6.01672;-0.0761894;7.94634;-1.92962;-1.92962
694;36.1203;-2.34887;6.0444;-2.34887;6.0444;-0.460955;7.93232;-1.88791;-1.88791
695;21.2204;-3.72927;5.97967;-3.72927;5.97967;-1.95398;7.75495;-1.77529;-1.77529
696;9.39093;-4.08371;6.00604;-4.08371;6.00604;-2.32031;7.76945;-1.76341;-1.76341
697;26.5633;-2.91768;6.03975;-2.91768;6.03975;-1.05663;7.9008;-1.86105;-1.86105
698;18.6255;-4.24186;5.99616;-4.24186;5.99616;-2.47977;7.75825;-1.76209;-1.76209
699;27.6575;-2.31551;6.07362;-2.31551;6.07362;-0.397081;7.99204;-1.91842;-1.91842
700;21.8428;-2.00586;6.01667;-2.00586;6.01667;-0.0761916;7.94634;-1.92967;-1.92967
701;36.1203;-2.34892;6.04436;-2.34892;6.04436;-0.460958;7.93232;-1.88796;-1.88796
702;21.2204;-3.72931;5.97963;-3.72931;5.97963;-1.95398;7.75495;-1.77533;-1.77533
703;9.39093;-4.08375;6.006;-4.08375;6.006;-2.32031;7.76945;-1.76344;-1.76344
704;26.5633;-2.91772;6.03971;-2.91772;6.03971;-1.05663;7.9008;-1.86109;-1.86109
705;18.6255;-4.2419;5.99612;-4.2419;5.99612;-2.47977;7.75825;-1.76212;-1.76212
706;27.6575;-2.31555;6.07357;-2.31555;6.07357;-0.397083;7.99204;-1.91847;-1.91847
707;21.8428;-2.00591;6.01663;-2.00591;6.01663;-0.0761936;7.94634;-1.92971;-1.92971
708;36.1204;-2.34896;6.04431;-2.34896;6.04431;-0.46096;7.93232;-1.888;-1.888
709;21.2204;-3.72935;5.97959;-3.72935;5.97959;-1.95398;7.75495;-1.77536;-1.77536
710;9.39093;-4.08379;6.00597;-4.08379;6.00597;-2.32031;7.76945;-1.76348;-1.76348
711;26.5633;-2.91776;6.03967;-2.91776;6.03967;-1.05663;7.9008;-1.86113;-1.86113
712;18.6255;-4.24193;5.99609;-4.24193;5.99609;-2.47977;7.75825;-1.76216;-1.76216
713;27.6575;-2.31559;6.07353;-2.31559;6.07353;-0.397084;7.99204;-1.91851;-1.91851
714;21.8428;-2.00595;6.01659;-2.00595;6.01659;-0.0761955;7.94634;-1.92976;-1.92976
715;36.1204;-2.349;6.04428;-2.349;6.04428;-0.460963;7.93232;-1.88804;-1.88804
716;21.2204;-3.72938;5.97956;-3.72938;5.97956;-1.95399;7.75495;-1.7754;-1.7754
717;9.39093;-4.08382;6.00594;-4.08382;6.00594;-2.32031;7.76945;-1.76351;-1.76351
718;26.5633;-2.9178;6.03964;-2.9178;6.03964;-1.05663;7.9008;-1.86116;-1.86116
719;18.6255;-4.24196;5.99606;-4.24196;5.99606;-2.47977;7.75825;-1.76219;-1.76219
720;27.6575;-2.31563;6.0735;-2.31563;6.0735;-0.397085;7.99204;-1.91855;-1.91855
721;21.8428;-2.00599;6.01655;-2.00599;6.01655;-0.0761973;7.94634;-1.92979;-1.92979
722;36.1204;-2.34904;6.04424;-2.34904;6.04424;-0.460965;7.93232;-1.88807;-1.88807
723;21.2204;-3.72942;5.97953;-3.72942;5.97953;-1.95399;7.75495;-1.77543;-1.77543
724;9.39093;-4.08385;6.00591;-4.08385;6.00591;-2.32031;7.76945;-1.76354;-1.76354
725;26.5633;-2.91783;6.0396;-2.91783;6.0396;-1.05664;7.9008;-1.8612;-1.8612
726;18.6255;-4.24199;5.99603;-4.24199;5.99603;-2.47978;7.75825;-1.76222;-1.76222
727;27.6575;-2.31567;6.07346;-2.31567;6.07346;-0.397086;7.99204;-1.91858;-1.91858
728;21.8428;-2.00603;6.01652;-2.00603;6.01652;-0.0761989;7.94634;-1.92983;-1.92983
729;36.1204;-2.34907;6.04421;-2.34907;6.04421;-0.460967;7.93232;-1.88811;-1.88811
730;21.2204;-3.72945;5.9795;-3.72945;5.9795;-1.95399;7.75495;-1.77546;-1.77546
731;9.39093;-4.08388;6.00588;-4.08388;6.00588;-2.32032;7.76945;-1.76357;-1.76357
732;26.5633;-2.91786;6.03957;-2.91786;6.03957;-1.05664;7.9008;-1.86123;-1.86123
733;18.6255;-4.24202;5.99601;-4.24202;5.99601;-2.47978;7.75825;-1.76224;-1.76224
734;27.6575;-2.3157;6.07343;-2.3157;6.07343;-0.397087;7.99204;-1.91861;-1.91861
735;21.8428;-2.00606;6.01648;-2.00606;6.01648;-0.0762003;7.94634;-1.92986;-1.92986
736;36.1204;-2.34911;6.04418;-2.34911;6.04418;-0.460969;7.93232;-1.88814;-1.88814
737;21.2204;-3.72947;5.97947;-3.72947;5.97947;-1.95399;7.75495;-1.77548;-1.77548
738;9.39093;-4.08391;6.00586;-4.08391;6.00586;-2.32032;7.76945;-1.76359;-1.76359
739;26.5633;-2.91789;6.03955;-2.91789;6.03955;-1.05664;7.9008;-1.86125;-1.86125
740;18.6255;-4.24205;5.99598;-4.24205;5.99598;-2.47978;7.75825;-1.76227;-1.76227
741;27.6575;-2.31573;6.0734;-2.31573;6.0734;-0.397088;7.99204;-1.91864;-1.91864
742;21.8428;-2.00609;6.01645;-2.00609;6.01645;-0.0762017;7.94634;-1.92989;-1.92989
743;36.1204;-2.34914;6.04415;-2.34914;6.04415;-0.460971;7.93232;-1.88817;-1.88817
744;21.2204;-3.7295;5.97945;-3.7295;5.97945;-1.954;7.75495;-1.7755;-1.7755
745;9.39093;-4.08393;6.00583;-4.08393;6.00583;-2.32032;7.76945;-1.76362;-1.76362
746;26.5633;-2.91792;6.03952;-2.91792;6.03952;-1.05664;7.9008;-1.86128;-1.86128
747;18.6255;-4.24207;5.99596;-4.24207;5.99596;-2.47978;7.75825;-1.76229;-1.76229
748;27.6575;-2.31576;6.07338;-2.31576;6.07338;-0.397089;7.99204;-1.91867;-1.91867
749;21.8428;-2.00612;6.01643;-2.00612;6.01643;-0.076203;7.94634;-1.92992;-1.92992
750;36.1204;-2.34916;6.04412;-2.34916;6.04412;-0.460973;7.93232;-1.88819;-1.88819
751;21.2204;-3.72952;5.97943;-3.72952;5.97943;-1.954;7.75495;-1.77553;-1.77553
752;9.39093;-4.08396;6.00581;-4.08396;6.00581;-2.32032;7.76945;-1.76364;-1.76364
753;26.5633;-2.91794;6.0395;-2.91794;6.0395;-1.05664;7.9008;-1.8613;-1.8613
754;18.6255;-4.24209;5.99594;-4.24209;5.99594;-2.47978;7.75825;-1.76231;-1.76231
755;27.6575;-2.31578;6.07335;-2.31578;6.07335;-0.39709;7.99204;-1.91869;-1.91869
756;21.8428;-2.00615;6.0164;-2.00615;6.0164;-0.0762041;7.94634;-1.92994;-1.92994
757;36.1204;-2.34919;6.0441;-2.34919;6.0441;-0.460974;7.93232;-1.88822;-1.88822
758;21.2204;-3.72955;5.97941;-3.72955;5.97941;-1.954;7.75495;-1.77555;-1.77555
759;9.39093;-4.08398;6.00579;-4.08398;6.00579;-2.32032;7.76945;-1.76366;-1.76366
760;26.5633;-2.91797;6.03947;-2.91797;6.03947;-1.05664;7.9008;-1.86133;-1.86133
761;18.6255;-4.24211;5.99592;-4.24211;5.99592;-2.47978;7.75825;-1.76233;-1.76233
762;27.6575;-2.31581;6.07333;-2.31581;6.07333;-0.397091;7.99204;-1.91871;-1.91871
763;21.8428;-2.00617;6.01638;-2.00617;6.01638;-0.0762052;7.94634;-1.92996;-1.92996
764;36.1204;-2.34921;6.04408;-2.34921;6.04408;-0.460976;7.93232;-1.88824;-1.88824
765;21.2204;-3.72957;5.97939;-3.72957;5.97939;-1.954;7.75495;-1.77557;-1.77557
766;9.39093;-4.084;6.00577;-4.084;6.00577;-2.32032;7.76945;-1.76367;-1.76367
767;26.5633;-2.91799;6.03945;-2.91799;6.03945;-1.05664;7.9008;-1.86135;-1.86135
768;18.6255;-4.24213;5.9959;-4.24213;5.9959;-2.47978;7.75825;-1.76235;-1.76235
769;27.6575;-2.31583;6.07331;-2.31583;6.07331;-0.397091;7.99204;-1.91874;-1.91874
770;21.8428;-2.00619;6.01636;-2.00619;6.01636;-0.0762062;7.94634;-1.92999;-1.92999
771;36.1204;-2.34923;6.04406;-2.34923;6.04406;-0.460977;7.93232;-1.88826;-1.88826
772;21.2204;-3.72958;5.97937;-3.72958;5.97937;-1.954;7.75495;-1.77558;-1.77558
773;9.39093;-4.08402;6.00576;-4.08402;6.00576;-2.32032;7.76945;-1.76369;-1.76369
774;26.5633;-2.91801;6.03944;-2.91801;6.03944;-1.05664;7.9008;-1.86136;-1.86136
775;18.6255;-4.24215;5.99589;-4.24215;5.99589;-2.47978;7.75825;-1.76236;-1.76236
776;27.6575;-2.31585;6.07329;-2.31585;6.07329;-0.397092;7.99204;-1.91876;-1.91876
777;21.8428;-2.00621;6.01634;-2.00621;6.01634;-0.0762071;7.94634;-1.93001;-1.93001
778;36.1204;-2.34925;6.04404;-2.34925;6.04404;-0.460978;7.93231;-1.88828;-1.88828
779;21.2204;-3.7296;5.97935;-3.7296;5.97935;-1.954;7.75495;-1.7756;-1.7756
780;9.39093;-4.08403;6.00574;-4.08403;6.00574;-2.32033;7.76945;-1.76371;-1.76371
781;26.5633;-2.91803;6.03942;-2.91803;6.03942;-1.05664;7.9008;-1.86138;-1.86138
782;18.6255;-4.24216;5.99587;-4.24216;5.99587;-2.47978;7.75825;-1.76238;-1.76238
783;27.6575;-2.31587;6.07327;-2.31587;6.07327;-0.397092;7.99204;-1.91877;-1.91877
784;21.8428;-2.00623;6.01632;-2.00623;6.01632;-0.0762079;7.94634;-1.93002;-1.93002
785;36.1204;-2.34927;6.04402;-2.34927;6.04402;-0.460979;7.93231;-1.88829;-1.88829
786;21.2205;-3.72962;5.97934;-3.72962;5.97934;-1.954;7.75495;-1.77561;-1.77561
787;9.39093;-4.08405;6.00573;-4.08405;6.00573;-2.32033;7.76945;-1.76372;-1.76372
788;26.5633;-2.91804;6.0394;-2.91804;6.0394;-1.05664;7.9008;-1.8614;-1.8614
789;18.6255;-4.24218;5.99586;-4.24218;5.99586;-2.47978;7.75825;-1.76239;-1.76239
790;27.6575;-2.31588;6.07325;-2.31588;6.07325;-0.397093;7.99204;-1.91879;-1.91879
791;21.8428;-2.00625;6.0163;-2.00625;6.0163;-0.0762087;7.94634;-1.93004;-1.93004
792;36.1204;-2.34929;6.04401;-2.34929;6.04401;-0.46098;7.93231;-1.88831;-1.88831
793;21.2205;-3.72963;5.97933;-3.72963;5.97933;-1.954;7.75495;-1.77563;-1.77563
794;9.39093;-4.08406;6.00571;-4.08406;6.00571;-2.32033;7.76945;-1.76373;-1.76373
795;26.5633;-2.91806;6.03939;-2.91806;6.03939;-1.05664;7.9008;-1.86141;-1.86141
796;18.6255;-4.24219;5.99584;-4.24219;5.99584;-2.47978;7.75825;-1.7624;-1.7624
797;27.6575;-2.3159;6.07324;-2.3159;6.07324;-0.397093;7.99204;-1.91881;-1.91881
798;21.8428;-2.00627;6.01629;-2.00627;6.01629;-0.0762094;7.94634;-1.93006;-1.93006
799;36.1205;-2.34931;6.04399;-2.34931;6.04399;-0.460981;7.93231;-1.88832;-1.88832
800;21.2205;-3.72965;5.97931;-3.72965;5.97931;-1.95401;7.75495;-1.77564;-1.77564
801;9.39093;-4.08407;6.0057;-4.08407;6.0057;-2.32033;7.76945;-1.76375;-1.76375
802;26.5633;-2.91807;6.03937;-2.91807;6.03937;-1.05665;7.9008;-1.86143;-1.86143
803;18.6255;-4.2422;5.99583;-4.2422;5.99583;-2.47978;7.75825;-1.76242;-1.76242
804;27.6575;-2.31591;6.07322;-2.31591;6.07322;-0.397094;7.99204;-1.91882;-1.91882
805;21.8428;-2.00628;6.01627;-2.00628;6.01627;-0.0762101;7.94634;-1.93007;-1.93007
806;36.1205;-2.34932;6.04398;-2.34932;6.04398;-0.460982;7.93231;-1.88834;-1.88834
807;21.2205;-3.72966;5.9793;-3.72966;5.9793;-1.95401;7.75495;-1.77565;-1.77565
808;9.39093;-4.08409;6.00569;-4.08409;6.00569;-2.32033;7.76945;-1.76376;-1.76376
809;26.5633;-2.91808;6.03936;-2.91808;6.03936;-1.05665;7.9008;-1.86144;-1.86144
810;18.6255;-4.24221;5.99582;-4.24221;5.99582;-2.47979;7.75825;-1.76243;-1.76243
811;27.6575;-2.31593;6.07321;-2.31593;6.07321;-0.397094;7.99204;-1.91883;-1.91883
812;21.8428;-2.00629;6.01626;-2.00629;6.01626;-0.0762107;7.94634;-1.93008;-1.93008
813;36.1205;-2.34933;6.04396;-2.34933;6.04396;-0.460983;7.93231;-1.88835;-1.88835
814;21.2205;-3.72967;5.97929;-3.72967;5.97929;-1.95401;7.75495;-1.77566;-1.77566
815;9.39093;-4.0841;6.00568;-4.0841;6.00568;-2.32033;7.76945;-1.76377;-1.76377
816;26.5633;-2.9181;6.03935;-2.9181;6.03935;-1.05665;7.9008;-1.86145;-1.86145
817;18.6255;-4.24222;5.99581;-4.24222;5.99581;-2.47979;7.75825;-1.76244;-1.76244
818;27.6575;-2.31594;6.0732;-2.31594;6.0732;-0.397095;7.99204;-1.91884;-1.91884
819;21.8428;-2.00631;6.01625;-2.00631;6.01625;-0.0762113;7.94634;-1.9301;-1.9301
820;36.1205;-2.34935;6.04395;-2.34935;6.04395;-0.460984;7.93231;-1.88836;-1.88836
821;21.2205;-3.72968;5.97928;-3.72968;5.97928;-1.95401;7.75495;-1.77567;-1.77567
822;9.39093;-4.08411;6.00567;-4.08411;6.00567;-2.32033;7.76945;-1.76378;-1.76378
823;26.5633;-2.91811;6.03934;-2.91811;6.03934;-1.05665;7.9008;-1.86146;-1.86146
824;18.6255;-4.24223;5.9958;-4.24223;5.9958;-2.47979;7.75825;-1.76245;-1.76245
825;27.6575;-2.31595;6.07319;-2.31595;6.07319;-0.397095;7.99204;-1.91886;-1.91886
826;21.8428;-2.00632;6.01624;-2.00632;6.01624;-0.0762118;7.94634;-1.93011;-1.93011
827;36.1205;-2.34936;6.04394;-2.34936;6.04394;-0.460985;7.93231;-1.88837;-1.88837
828;21.2205;-3.72969;5.97927;-3.72969;5.97927;-1.95401;7.75495;-1.77568;-1.77568
829;9.39093;-4.08412;6.00566;-4.08412;6.00566;-2.32033;7.76945;-1.76379;-1.76379
830;26.5633;-2.91812;6.03933;-2.91812;6.03933;-1.05665;7.9008;-1.86147;-1.86147
831;18.6255;-4.24224;5.99579;-4.24224;5.99579;-2.47979;7.75825;-1.76246;-1.76246
832;27.6575;-2.31596;6.07318;-2.31596;6.07318;-0.397095;7.99204;-1.91887;-1.91887
833;21.8428;-2.00633;6.01623;-2.00633;6.01623;-0.0762123;7.94634;-1.93012;-1.93012
834;36.1205;-2.34937;6.04393;-2.34937;6.04393;-0.460985;7.93231;-1.88838;-1.88838
835;21.2205;-3.7297;5.97926;-3.7297;5.97926;-1.95401;7.75495;-1.77569;-1.77569
836;9.39093;-4.08412;6.00565;-4.08412;6.00565;-2.32033;7.76945;-1.76379;-1.76379
837;26.5633;-2.91813;6.03932;-2.91813;6.03932;-1.05665;7.9008;-1.86148;-1.86148
838;18.6255;-4.24225;5.99579;-4.24225;5.99579;-2.47979;7.75825;-1.76246;-1.76246
839;27.6575;-2.31597;6.07317;-2.31597;6.07317;-0.397096;7.99204;-1.91888;-1.91888
840;21.8428;-2.00634;6.01622;-2.00634;6.01622;-0.0762127;7.94634;-1.93013;-1.93013
841;36.1205;-2.34938;6.04392;-2.34938;6.04392;-0.460986;7.93231;-1.88839;-1.88839
842;21.2205;-3.72971;5.97926;-3.72971;5.97926;-1.95401;7.75495;-1.7757;-1.7757
843;9.39093;-4.08413;6.00565;-4.08413;6.00565;-2.32033;7.76945;-1.7638;-1.7638
844;26.5633;-2.91814;6.03931;-2.91814;6.03931;-1.05665;7.9008;-1.86149;-1.86149
845;18.6255;-4.24226;5.99578;-4.24226;5.99578;-2.47979;7.75825;-1.76247;-1.76247
846;27.6575;-2.31598;6.07316;-2.31598;6.07316;-0.397096;7.99204;-1.91888;-1.91888
847;21.8428;-2.00635;6.01621;-2.00635;6.01621;-0.0762131;7.94634;-1.93014;-1.93014
848;36.1205;-2.34939;6.04391;-2.34939;6.04391;-0.460986;7.93231;-1.8884;-1.8884
849;21.2205;-3.72972;5.97925;-3.72972;5.97925;-1.95401;7.75495;-1.77571;-1.77571
850;9.39093;-4.08414;6.00564;-4.08414;6.00564;-2.32033;7.76945;-1.76381;-1.76381
851;26.5633;-2.91814;6.0393;-2.91814;6.0393;-1.05665;7.9008;-1.8615;-1.8615
852;18.6255;-4.24226;5.99577;-4.24226;5.99577;-2.47979;7.75825;-1.76248;-1.76248
853;27.6575;-2.31599;6.07315;-2.31599;6.07315;-0.397096;7.99204;-1.91889;-1.91889
854;21.8428;-2.00636;6.0162;-2.00636;6.0162;-0.0762135;7.94634;-1.93014;-1.93014
855;36.1205;-2.34939;6.04391;-2.34939;6.04391;-0.460987;7.93231;-1.88841;-1.88841
856;21.2205;-3.72972;5.97924;-3.72972;5.97924;-1.95401;7.75495;-1.77571;-1.77571
857;9.39093;-4.08415;6.00563;-4.08415;6.00563;-2.32033;7.76945;-1.76382;-1.76382
858;26.5633;-2.91815;6.0393;-2.91815;6.0393;-1.05665;7.9008;-1.8615;-1.8615
859;18.6255;-4.24227;5.99577;-4.24227;5.99577;-2.47979;7.75825;-1.76248;-1.76248
860;27.6575;-2.316;6.07314;-2.316;6.07314;-0.397096;7.99204;-1.9189;-1.9189
861;21.8428;-2.00637;6.01619;-2.00637;6.01619;-0.0762138;7.94634;-1.93015;-1.93015
862;36.1205;-2.3494;6.0439;-2.3494;6.0439;-0.460987;7.93231;-1.88841;-1.88841
863;21.2205;-3.72973;5.97924;-3.72973;5.97924;-1.95401;7.75495;-1.77572;-1.77572
864;9.39093;-4.08415;6.00563;-4.08415;6.00563;-2.32033;7.76945;-1.76382;-1.76382
865;26.5633;-2.91816;6.03929;-2.91816;6.03929;-1.05665;7.9008;-1.86151;-1.86151
866;18.6255;-4.24228;5.99576;-4.24228;5.99576;-2.47979;7.75825;-1.76249;-1.76249
867;27.6575;-2.316;6.07314;-2.316;6.07314;-0.397097;7.99204;-1.91891;-1.91891
868;21.8428;-2.00637;6.01619;-2.00637;6.01619;-0.0762141;7.94634;-1.93016;-1.93016
869;36.1205;-2.34941;6.04389;-2.34941;6.04389;-0.460988;7.93231;-1.88842;-1.88842
870;21.2205;-3.72974;5.97923;-3.72974;5.97923;-1.95401;7.75495;-1.77572;-1.77572
871;9.39093;-4.08416;6.00562;-4.08416;6.00562;-2.32033;7.76945;-1.76383;-1.76383
872;26.5633;-2.91816;6.03929;-2.91816;6.03929;-1.05665;7.9008;-1.86152;-1.86152
873;18.6255;-4.24228;5.99575;-4.24228;5.99575;-2.47979;7.75825;-1.76249;-1.76249
874;27.6575;-2.31601;6.07313;-2.31601;6.07313;-0.397097;7.99204;-1.91891;-1.91891
875;21.8428;-2.00638;6.01618;-2.00638;6.01618;-0.0762144;7.94634;-1.93016;-1.93016
876;36.1205;-2.34942;6.04389;-2.34942;6.04389;-0.460988;7.93231;-1.88843;-1.88843
877;21.2205;-3.72974;5.97923;-3.72974;5.97923;-1.95401;7.75495;-1.77573;-1.77573
878;9.39093;-4.08416;6.00562;-4.08416;6.00562;-2.32033;7.76945;-1.76383;-1.76383
879;26.5633;-2.91817;6.03928;-2.91817;6.03928;-1.05665;7.9008;-1.86152;-1.86152
880;18.6255;-4.24229;5.99575;-4.24229;5.99575;-2.47979;7.75825;-1.7625;-1.7625
881;27.6575;-2.31602;6.07312;-2.31602;6.07312;-0.397097;7.99204;-1.91892;-1.91892
882;21.8428;-2.00639;6.01617;-2.00639;6.01617;-0.0762147;7.94634;-1.93017;-1.93017
883;36.1205;-2.34942;6.04388;-2.34942;6.04388;-0.460989;7.93231;-1.88843;-1.88843
884;21.2205;-3.72975;5.97922;-3.72975;5.97922;-1.95401;7.75495;-1.77573;-1.77573
885;9.39093;-4.08417;6.00561;-4.08417;6.00561;-2.32033;7.76945;-1.76384;-1.76384
886;26.5633;-2.91818;6.03927;-2.91818;6.03927;-1.05665;7.9008;-1.86153;-1.86153
887;18.6255;-4.24229;5.99575;-4.24229;5.99575;-2.47979;7.75825;-1.7625;-1.7625
888;27.6575;-2.31602;6.07312;-2.31602;6.07312;-0.397097;7.99204;-1.91892;-1.91892
889;21.8428;-2.00639;6.01617;-2.00639;6.01617;-0.076215;7.94634;-1.93018;-1.93018
890;36.1205;-2.34943;6.04388;-2.34943;6.04388;-0.460989;7.93231;-1.88844;-1.88844
891;21.2205;-3.72975;5.97922;-3.72975;5.97922;-1.95401;7.75495;-1.77574;-1.77574
892;9.39093;-4.08417;6.00561;-4.08417;6.00561;-2.32033;7.76945;-1.76384;-1.76384
893;26.5633;-2.91818;6.03927;-2.91818;6.03927;-1.05665;7.9008;-1.86153;-1.86153
894;18.6255;-4.2423;5.99574;-4.2423;5.99574;-2.47979;7.75825;-1.76251;-1.76251
895;27.6575;-2.31603;6.07311;-2.31603;6.07311;-0.397097;7.99204;-1.91893;-1.91893
896;21.8428;-2.0064;6.01616;-2.0064;6.01616;-0.0762152;7.94634;-1.93018;-1.93018
897;36.1205;-2.34943;6.04387;-2.34943;6.04387;-0.460989;7.93231;-1.88844;-1.88844
898;21.2205;-3.72976;5.97921;-3.72976;5.97921;-1.95401;7.75495;-1.77574;-1.77574
899;9.39093;-4.08418;6.0056;-4.08418;6.0056;-2.32033;7.76945;-1.76384;-1.76384
900;26.5633;-2.91819;6.03927;-2.91819;6.03927;-1.05665;7.9008;-1.86154;-1.86154
901;18.6255;-4.2423;5.99574;-4.2423;5.99574;-2.47979;7.75825;-1.76251;-1.76251
902;27.6575;-2.31603;6.07311;-2.31603;6.07311;-0.397098;7.99204;-1.91893;-1.91893
903;21.8428;-2.0064;6.01616;-2.0064;6.01616;-0.0762154;7.94634;-1.93019;-1.93019
904;36.1205;-2.34944;6.04387;-2.34944;6.04387;-0.460989;7.93231;-1.88845;-1.88845
905;21.2205;-3.72976;5.97921;-3.72976;5.97921;-1.95401;7.75495;-1.77575;-1.77575
906;9.39093;-4.08418;6.0056;-4.08418;6.0056;-2.32033;7.76945;-1.76385;-1.76385
907;26.5633;-2.91819;6.03926;-2.91819;6.03926;-1.05665;7.9008;-1.86154;-1.86154
908;18.6255;-4.2423;5.99573;-4.2423;5.99573;-2.47979;7.75825;-1.76251;-1.76251
909;27.6575;-2.31604;6.07311;-2.31604;6.07311;-0.397098;7.99204;-1.91894;-1.91894
910;21.8428;-2.00641;6.01615;-2.00641;6.01615;-0.0762156;7.94634;-1.93019;-1.93019
911;36.1205;-2.34944;6.04386;-2.34944;6.04386;-0.46099;7.93231;-1.88845;-1.88845
912;21.2205;-3.72976;5.97921;-3.72976;5.97921;-1.95401;7.75495;-1.77575;-1.77575
913;9.39093;-4.08419;6.0056;-4.08419;6.0056;-2.32033;7.76945;-1.76385;-1.76385
914;26.5633;-2.91819;6.03926;-2.91819;6.03926;-1.05665;7.9008;-1.86154;-1.86154
915;18.6255;-4.24231;5.99573;-4.24231;5.99573;-2.47979;7.75825;-1.76252;-1.76252
916;27.6575;-2.31604;6.0731;-2.31604;6.0731;-0.397098;7.99204;-1.91894;-1.91894
917;21.8428;-2.00641;6.01615;-2.00641;6.01615;-0.0762158;7.94634;-1.93019;-1.93019
918;36.1205;-2.34944;6.04386;-2.34944;6.04386;-0.46099;7.93231;-1.88845;-1.88845
919;21.2205;-3.72977;5.9792;-3.72977;5.9792;-1.95401;7.75495;-1.77575;-1.77575
920;9.39093;-4.08419;6.00559;-4.08419;6.00559;-2.32033;7.76945;-1.76385;-1.76385
921;26.5633;-2.9182;6.03925;-2.9182;6.03925;-1.05665;7.9008;-1.86155;-1.86155
922;18.6255;-4.24231;5.99573;-4.24231;5.99573;-2.47979;7.75825;-1.76252;-1.76252
923;27.6575;-2.31604;6.0731;-2.31604;6.0731;-0.397098;7.99204;-1.91895;-1.91895
924;21.8428;-2.00641;6.01615;-2.00641;6.01615;-0.076216;7.94634;-1.9302;-1.9302
925;36.1205;-2.34945;6.04386;-2.34945;6.04386;-0.46099;7.93231;-1.88846;-1.88846
926;21.2205;-3.72977;5.9792;-3.72977;5.9792;-1.95401;7.75495;-1.77576;-1.77576
927;9.39093;-4.08419;6.00559;-4.08419;6.00559;-2.32033;7.76945;-1.76386;-1.76386
928;26.5633;-2.9182;6.03925;-2.9182;6.03925;-1.05665;7.9008;-1.86155;-1.86155
929;18.6255;-4.24231;5.99573;-4.24231;5.99573;-2.47979;7.75825;-1.76252;-1.76252
930;27.6575;-2.31605;6.07309;-2.31605;6.07309;-0.397098;7.99204;-1.91895;-1.91895
931;21.8428;-2.00642;6.01614;-2.00642;6.01614;-0.0762161;7.94634;-1.9302;-1.9302
932;36.1205;-2.34945;6.04385;-2.34945;6.04385;-0.46099;7.93231;-1.88846;-1.88846
933;21.2205;-3.72977;5.9792;-3.72977;5.9792;-1.95401;7.75495;-1.77576;-1.77576
934;9.39093;-4.08419;6.00559;-4.08419;6.00559;-2.32033;7.76945;-1.76386;-1.76386
935;26.5633;-2.9182;6.03925;-2.9182;6.03925;-1.05665;7.9008;-1.86155;-1.86155
936;18.6255;-4.24232;5.99572;-4.24232;5.99572;-2.47979;7.75825;-1.76253;-1.76253
937;27.6575;-2.31605;6.07309;-2.31605;6.07309;-0.397098;7.99204;-1.91895;-1.91895
938;21.8428;-2.00642;6.01614;-2.00642;6.01614;-0.0762163;7.94634;-1.9302;-1.9302
939;36.1205;-2.34946;6.04385;-2.34946;6.04385;-0.460991;7.93231;-1.88846;-1.88846
940;21.2205;-3.72978;5.97919;-3.72978;5.97919;-1.95401;7.75495;-1.77576;-1.77576
941;9.39093;-4.0842;6.00559;-4.0842;6.00559;-2.32033;7.76945;-1.76386;-1.76386
942;26.5633;-2.91821;6.03925;-2.91821;6.03925;-1.05665;7.9008;-1.86156;-1.86156
943;18.6255;-4.24232;5.99572;-4.24232;5.99572;-2.47979;7.75825;-1.76253;-1.76253
944;27.6575;-2.31605;6.07309;-2.31605;6.07309;-0.397098;7.99204;-1.91895;-1.91895
945;21.8428;-2.00642;6.01614;-2.00642;6.01614;-0.0762164;7.94634;-1.93021;-1.93021
946;36.1205;-2.34946;6.04385;-2.34946;6.04385;-0.460991;7.93231;-1.88847;-1.88847
947;21.2205;-3.72978;5.97919;-3.72978;5.97919;-1.95401;7.75495;-1.77576;-1.77576
948;9.39093;-4.0842;6.00558;-4.0842;6.00558;-2.32033;7.76945;-1.76386;-1.76386
949;26.5633;-2.91821;6.03924;-2.91821;6.03924;-1.05665;7.9008;-1.86156;-1.86156
950;18.6255;-4.24232;5.99572;-4.24232;5.99572;-2.47979;7.75825;-1.76253;-1.76253
951;27.6575;-2.31606;6.07309;-2.31606;6.07309;-0.397098;7.99204;-1.91896;-1.91896
952;21.8428;-2.00643;6.01613;-2.00643;6.01613;-0.0762165;7.94634;-1.93021;-1.93021
953;36.1205;-2.34946;6.04384;-2.34946;6.04384;-0.460991;7.93231;-1.88847;-1.88847
954;21.2205;-3.72978;5.97919;-3.72978;5.97919;-1.95401;7.75495;-1.77577;-1.77577
955;9.39093;-4.0842;6.00558;-4.0842;6.00558;-2.32033;7.76945;-1.76387;-1.76387
956;26.5633;-2.91821;6.03924;-2.91821;6.03924;-1.05665;7.9008;-1.86156;-1.86156
957;18.6255;-4.24232;5.99572;-4.24232;5.99572;-2.47979;7.75825;-1.76253;-1.76253
958;27.6575;-2.31606;6.07308;-2.31606;6.07308;-0.397098;7.99204;-1.91896;-1.91896
959;21.8428;-2.00643;6.01613;-2.00643;6.01613;-0.0762166;7.94634;-1.93021;-1.93021
960;36.1205;-2.34946;6.04384;-2.34946;6.04384;-0.460991;7.93231;-1.88847;-1.88847
961;21.2205;-3.72978;5.97919;-3.72978;5.97919;-1.95402;7.75495;-1.77577;-1.77577
962;9.39093;-4.0842;6.00558;-4.0842;6.00558;-2.32034;7.76945;-1.76387;-1.76387
963;26.5633;-2.91821;6.03924;-2.91821;6.03924;-1.05665;7.9008;-1.86156;-1.86156
964;18.6255;-4.24232;5.99571;-4.24232;5.99571;-2.47979;7.75825;-1.76253;-1.76253
965;27.6575;-2.31606;6.07308;-2.31606;6.07308;-0.397098;7.99204;-1.91896;-1.91896
966;21.8428;-2.00643;6.01613;-2.00643;6.01613;-0.0762167;7.94634;-1.93021;-1.93021
967;36.1205;-2.34947;6.04384;-2.34947;6.04384;-0.460991;7.93231;-1.88847;-1.88847
968;21.2205;-3.72978;5.97919;-3.72978;5.97919;-1.95402;7.75495;-1.77577;-1.77577
969;9.39093;-4.08421;6.00558;-4.08421;6.00558;-2.32034;7.76945;-1.76387;-1.76387
970;26.5633;-2.91822;6.03924;-2.91822;6.03924;-1.05665;7.9008;-1.86156;-1.86156
971;18.6255;-4.24233;5.99571;-4.24233;5.99571;-2.47979;7.75825;-1.76254;-1.76254
972;27.6575;-2.31606;6.07308;-2.31606;6.07308;-0.397098;7.99204;-1.91896;-1.91896
973;21.8428;-2.00643;6.01613;-2.00643;6.01613;-0.0762168;7.94634;-1.93022;-1.93022
974;36.1205;-2.34947;6.04384;-2.34947;6.04384;-0.460991;7.93231;-1.88848;-1.88848
975;21.2205;-3.72979;5.97918;-3.72979;5.97918;-1.95402;7.75495;-1.77577;-1.77577
976;9.39093;-4.08421;6.00558;-4.08421;6.00558;-2.32034;7.76945;-1.76387;-1.76387
977;26.5633;-2.91822;6.03923;-2.91822;6.03923;-1.05665;7.9008;-1.86157;-1.86157
978;18.6255;-4.24233;5.99571;-4.24233;5.99571;-2.47979;7.75825;-1.76254;-1.76254
979;27.6575;-2.31606;6.07308;-2.31606;6.07308;-0.397099;7.99204;-1.91897;-1.91897
980;21.8428;-2.00644;6.01613;-2.00644;6.01613;-0.0762169;7.94634;-1.93022;-1.93022
981;36.1205;-2.34947;6.04384;-2.34947;6.04384;-0.460991;7.93231;-1.88848;-1.88848
982;21.2205;-3.72979;5.97918;-3.72979;5.97918;-1.95402;7.75495;-1.77577;-1.77577
983;9.39093;-4.08421;6.00557;-4.08421;6.00557;-2.32034;7.76945;-1.76387;-1.76387
984;26.5633;-2.91822;6.03923;-2.91822;6.03923;-1.05665;7.9008;-1.86157;-1.86157
985;18.6255;-4.24233;5.99571;-4.24233;5.99571;-2.47979;7.75825;-1.76254;-1.76254
986;27.6575;-2.31607;6.07308;-2.31607;6.07308;-0.397099;7.99204;-1.91897;-1.91897
987;21.8428;-2.00644;6.01612;-2.00644;6.01612;-0.076217;7.94634;-1.93022;-1.93022
988;36.1205;-2.34947;6.04383;-2.34947;6.04383;-0.460992;7.93231;-1.88848;-1.88848
989;21.2205;-3.72979;5.97918;-3.72979;5.97918;-1.95402;7.75495;-1.77577;-1.77577
990;9.39093;-4.08421;6.00557;-4.08421;6.00557;-2.32034;7.76945;-1.76388;-1.76388
991;26.5633;-2.91822;6.03923;-2.91822;6.03923;-1.05665;7.9008;-1.86157;-1.86157
992;18.6255;-4.24233;5.99571;-4.24233;5.99571;-2.47979;7.75825;-1.76254;-1.76254
993;27.6575;-2.31607;6.07307;-2.31607;6.07307;-0.397099;7.99204;-1.91897;-1.91897
994;21.8428;-2.00644;6.01612;-2.00644;6.01612;-0.0762171;7.94634;-1.93022;-1.93022
995;36.1205;-2.34947;6.04383;-2.34947;6.04383;-0.460992;7.93231;-1.88848;-1.88848
996;21.2205;-3.72979;5.97918;-3.72979;5.97918;-1.95402;7.75495;-1.77578;-1.77578
997;9.39093;-4.08421;6.00557;-4.08421;6.00557;-2.32034;7.76945;-1.76388;-1.76388
998;26.5633;-2.91822;6.03923;-2.91822;6.03923;-1.05665;7.9008;-1.86157;-1.86157
999;18.6255;-4.24233;5.99571;-4.24233;5.99571;-2.47979;7.75825;-1.76254;-1.76254
